DROP DATABASE IF EXISTS Projet;
CREATE DATABASE Projet;
USE Projet;

CREATE TABLE Utilisateur(
idUti int NOT NULL, nomUti varchar(40)  NOT NULL, prenomUti varchar(40)  NOT NULL, paysUti varchar(20)  NOT NULL,
pseudoUti varchar(40)  NOT NULL, age int  NOT NULL,
PRIMARY KEY (idUti)) 
ENGINE=INNODB ;

CREATE TABLE Voyageur(
idUti int NOT NULL, statut varchar(20)  NOT NULL,FOREIGN KEY (idUti) REFERENCES Utilisateur(idUti) ON DELETE CASCADE ON UPDATE CASCADE
)ENGINE=INNODB ;

CREATE TABLE Proprietaire(
idUti int NOT NULL, mailProprio varchar(40)  NOT NULL, priorite int,
FOREIGN KEY (idUti) REFERENCES Utilisateur(idUti) ON DELETE CASCADE ON UPDATE CASCADE
)ENGINE=INNODB ;

CREATE TABLE Partenaire(
idPar int NOT NULL, nomPar varchar(30)  NOT NULL,
PRIMARY KEY (idPar)
)ENGINE=INNODB ;

CREATE TABLE Etablissement(
idEta int  NOT NULL, nomEta varchar(20)  NOT NULL, AdrEta varchar(10) NOT NULL, TailleEta int  NOT NULL, idUti int NOT NULL,
GPSEta int  NOT NULL, PRIMARY KEY (idEta),  FOREIGN KEY (idUti) REFERENCES Proprietaire(idUti) ON DELETE CASCADE ON UPDATE CASCADE
)ENGINE=INNODB ;

CREATE TABLE Magasin(
idEta int NOT NULL, categorie varchar(20)  NOT NULL,
FOREIGN KEY (idEta) REFERENCES Etablissement(idEta) ON DELETE CASCADE ON UPDATE CASCADE
)ENGINE=INNODB ;

CREATE TABLE Hotel(
idEta int NOT NULL, Etoile int NOT NULL ,
FOREIGN KEY (idEta) REFERENCES Etablissement(idEta) ON DELETE CASCADE ON UPDATE CASCADE
)ENGINE=INNODB ;


CREATE TABLE Restaurant(
idEta int NOT NULL, Etoile int NOT NULL , cuisine varchar(20) NOT NULL,
FOREIGN KEY (idEta) REFERENCES Etablissement(idEta) ON DELETE CASCADE ON UPDATE CASCADE
)ENGINE=INNODB ;


CREATE TABLE Promotion(
idPromo int NOT NULL, dateDebut date  NOT NULL, dateFin date NOT NULL, contenu varchar(40) NOT NULL, PRIMARY KEY (idPromo)
)ENGINE=INNODB ;

CREATE TABLE Propos( idEta int  NOT NULL, idPromo int  NOT NULL,
 FOREIGN KEY (idEta) REFERENCES Etablissement (idEta) ON DELETE CASCADE ON UPDATE CASCADE,
 FOREIGN KEY (idPromo) REFERENCES Promotion (idPromo) ON DELETE CASCADE ON UPDATE CASCADE
)ENGINE=INNODB ;

CREATE TABLE Terminal(
idTer int NOT NULL, typeTer varchar(30)  NOT NULL, gpsTer int  NOT NULL, Publicite varchar(40) NOT NULL,
PRIMARY KEY (idTer)
)ENGINE=INNODB ;

CREATE TABLE Utilise( idTer int NOT NULL,  idUti int NOT NULL,
FOREIGN KEY (idUti) REFERENCES Utilisateur(idUti) ON DELETE CASCADE ON UPDATE CASCADE
, FOREIGN KEY (idTer) REFERENCES Terminal(idTer) ON DELETE CASCADE ON UPDATE CASCADE
)ENGINE=INNODB ;


CREATE TABLE Avis(
idAvi int NOT NULL, EvaPrix varchar(20) , Etoile int  NOT NULL, dateAvis date  NOT NULL, idUti int  NOT NULL, idEta int NOT NULL,
PRIMARY KEY (idAvi), FOREIGN KEY (idUti) REFERENCES Voyageur(idUti) ON DELETE CASCADE ON UPDATE CASCADE
, FOREIGN KEY (idEta) REFERENCES Etablissement(idEta) ON DELETE CASCADE ON UPDATE CASCADE
)ENGINE=INNODB ;

CREATE TABLE Note(
idAvi int NOT NULL, idUti int NOT NULL,
FOREIGN KEY (idUti) REFERENCES Utilisateur(idUti) ON DELETE CASCADE ON UPDATE CASCADE
, FOREIGN KEY (idAvi) REFERENCES Avis(idAvi) ON DELETE CASCADE ON UPDATE CASCADE
)ENGINE=INNODB ;

CREATE TABLE Commentaire(
idCom int NOT NULL, idAvi int NOT NULL, texte text  NOT NULL,reponse text ,
PRIMARY KEY (idCom),FOREIGN KEY (idAvi) REFERENCES Avis(idAvi) ON DELETE CASCADE ON UPDATE CASCADE
)ENGINE=INNODB ;

CREATE TABLE Signalement(
idSig int NOT NULL, texte varchar(100)  NOT NULL, idUti int  NOT NULL, idCom int NOT NULL
, PRIMARY KEY (idSig),FOREIGN KEY (idUti) REFERENCES Utilisateur(idUti) ON DELETE CASCADE ON UPDATE CASCADE
, FOREIGN KEY (idCom) REFERENCES Commentaire(idCom) ON DELETE CASCADE ON UPDATE CASCADE
)ENGINE=INNODB ;

CREATE TABLE Reponse(
idRep int NOT NULL, texte text  NOT NULL, idUti int NOT NULL ,idCom int NOT NULL
, PRIMARY KEY (idRep), FOREIGN KEY (idUti) REFERENCES Utilisateur(idUti) ON DELETE CASCADE ON UPDATE CASCADE
, FOREIGN KEY (idCom) REFERENCES Commentaire(idCom) ON DELETE CASCADE ON UPDATE CASCADE
)ENGINE=INNODB ;

CREATE TABLE ProvenanceInfos(idPar int NOT NULL, idUti int NOT NULL,
FOREIGN KEY (idPar) REFERENCES Partenaire(idPar) ON DELETE CASCADE ON UPDATE CASCADE, 
FOREIGN KEY (idUti) REFERENCES Utilisateur(idUti) ON DELETE CASCADE ON UPDATE CASCADE
)ENGINE=INNODB ;

CREATE TABLE PeutFaire( idUti int NOT NULL,  idPromo int NOT NULL
, FOREIGN KEY (idUti) REFERENCES Utilisateur(idUti) ON DELETE CASCADE ON UPDATE CASCADE
, FOREIGN KEY (idPromo) REFERENCES Promotion(idPromo) ON DELETE CASCADE ON UPDATE CASCADE
)ENGINE=INNODB ;

INSERT INTO  Utilisateur  VALUE (0 , 'eric' , 'ramis' , 'erica ' , 'ghi' , 30); 
INSERT INTO  Utilisateur  VALUE (1 , 'richard' , 'Patrick' , 'Patrick' , 'abc' , 23); 
INSERT INTO  Utilisateur  VALUE (2 , 'chen' , 'erica ' , 'michelle' , 'ghi' , 57); 
INSERT INTO  Utilisateur  VALUE (3 , 'richard' , 'nobunaga' , 'erica ' , 'ghi' , 23); 
INSERT INTO  Utilisateur  VALUE (4 , 'chen' , 'martin' , 'Patrick' , 'ghi' , 78); 
INSERT INTO  Utilisateur  VALUE (5 , 'eric' , 'martin' , 'Patrick' , 'ghi' , 81); 
INSERT INTO  Utilisateur  VALUE (6 , 'delamiere' , 'ramis' , 'nobunaga' , 'abc' , 104); 
INSERT INTO  Utilisateur  VALUE (7 , 'eric' , 'erica ' , 'erica ' , 'def' , 100); 
INSERT INTO  Utilisateur  VALUE (8 , 'gregoire' , 'Patrick' , 'nobunaga' , 'jkl' , 89); 
INSERT INTO  Utilisateur  VALUE (9 , 'richard' , 'Patrick' , 'ramis' , 'jkl' , 69); 
INSERT INTO  Utilisateur  VALUE (10 , 'eric' , 'michelle' , 'martin' , 'def' , 10); 
INSERT INTO  Utilisateur  VALUE (11 , 'makre' , 'michelle' , 'nobunaga' , 'ghi' , 47); 
INSERT INTO  Utilisateur  VALUE (12 , 'eric' , 'michelle' , 'ramis' , 'abc' , 68); 
INSERT INTO  Utilisateur  VALUE (13 , 'richard' , 'ramis' , 'erica ' , 'jkl' , 37); 
INSERT INTO  Utilisateur  VALUE (14 , 'richard' , 'Patrick' , 'nobunaga' , 'ghi' , 29); 
INSERT INTO  Utilisateur  VALUE (15 , 'richard' , 'Patrick' , 'erica ' , 'jkl' , 111); 
INSERT INTO  Utilisateur  VALUE (16 , 'eric' , 'ramis' , 'ramis' , 'abc' , 47); 
INSERT INTO  Utilisateur  VALUE (17 , 'delamiere' , 'martin' , 'Patrick' , 'jkl' , 59); 
INSERT INTO  Utilisateur  VALUE (18 , 'eric' , 'ramis' , 'martin' , 'ghi' , 23); 
INSERT INTO  Utilisateur  VALUE (19 , 'chen' , 'Patrick' , 'michelle' , 'abc' , 26); 
INSERT INTO  Utilisateur  VALUE (20 , 'gregoire' , 'martin' , 'erica ' , 'abc' , 80); 
INSERT INTO  Utilisateur  VALUE (21 , 'eric' , 'ramis' , 'michelle' , 'def' , 110); 
INSERT INTO  Utilisateur  VALUE (22 , 'gregoire' , 'michelle' , 'martin' , 'abc' , 65); 
INSERT INTO  Utilisateur  VALUE (23 , 'chen' , 'martin' , 'erica ' , 'jkl' , 51); 
INSERT INTO  Utilisateur  VALUE (24 , 'chen' , 'erica ' , 'Patrick' , 'def' , 50); 
INSERT INTO  Utilisateur  VALUE (25 , 'gregoire' , 'michelle' , 'ramis' , 'def' , 116); 
INSERT INTO  Utilisateur  VALUE (26 , 'makre' , 'ramis' , 'erica ' , 'ghi' , 107); 
INSERT INTO  Utilisateur  VALUE (27 , 'eric' , 'nobunaga' , 'nobunaga' , 'def' , 61); 
INSERT INTO  Utilisateur  VALUE (28 , 'gregoire' , 'Patrick' , 'michelle' , 'jkl' , 53); 
INSERT INTO  Utilisateur  VALUE (29 , 'gregoire' , 'ramis' , 'martin' , 'abc' , 101); 
INSERT INTO  Utilisateur  VALUE (30 , 'chen' , 'ramis' , 'erica ' , 'jkl' , 108); 
INSERT INTO  Utilisateur  VALUE (31 , 'makre' , 'erica ' , 'michelle' , 'abc' , 74); 
INSERT INTO  Utilisateur  VALUE (32 , 'chen' , 'erica ' , 'ramis' , 'jkl' , 128); 
INSERT INTO  Utilisateur  VALUE (33 , 'eric' , 'michelle' , 'erica ' , 'abc' , 123); 
INSERT INTO  Utilisateur  VALUE (34 , 'richard' , 'erica ' , 'nobunaga' , 'ghi' , 36); 
INSERT INTO  Utilisateur  VALUE (35 , 'delamiere' , 'michelle' , 'michelle' , 'jkl' , 113); 
INSERT INTO  Utilisateur  VALUE (36 , 'makre' , 'ramis' , 'michelle' , 'abc' , 48); 
INSERT INTO  Utilisateur  VALUE (37 , 'eric' , 'michelle' , 'erica ' , 'jkl' , 123); 
INSERT INTO  Utilisateur  VALUE (38 , 'richard' , 'erica ' , 'michelle' , 'ghi' , 112); 
INSERT INTO  Utilisateur  VALUE (39 , 'gregoire' , 'erica ' , 'Patrick' , 'def' , 74); 
INSERT INTO  Utilisateur  VALUE (40 , 'eric' , 'Patrick' , 'erica ' , 'jkl' , 115); 
INSERT INTO  Utilisateur  VALUE (41 , 'richard' , 'martin' , 'michelle' , 'ghi' , 87); 
INSERT INTO  Utilisateur  VALUE (42 , 'chen' , 'nobunaga' , 'michelle' , 'jkl' , 140); 
INSERT INTO  Utilisateur  VALUE (43 , 'chen' , 'Patrick' , 'ramis' , 'abc' , 135); 
INSERT INTO  Utilisateur  VALUE (44 , 'richard' , 'erica ' , 'nobunaga' , 'def' , 68); 
INSERT INTO  Utilisateur  VALUE (45 , 'makre' , 'Patrick' , 'Patrick' , 'ghi' , 104); 
INSERT INTO  Utilisateur  VALUE (46 , 'chen' , 'michelle' , 'ramis' , 'ghi' , 124); 
INSERT INTO  Utilisateur  VALUE (47 , 'gregoire' , 'Patrick' , 'michelle' , 'def' , 127); 
INSERT INTO  Utilisateur  VALUE (48 , 'makre' , 'erica ' , 'ramis' , 'ghi' , 94); 
INSERT INTO  Utilisateur  VALUE (49 , 'chen' , 'ramis' , 'Patrick' , 'abc' , 63); 
INSERT INTO  Utilisateur  VALUE (50 , 'delamiere' , 'nobunaga' , 'michelle' , 'jkl' , 99); 
INSERT INTO  Utilisateur  VALUE (51 , 'gregoire' , 'martin' , 'ramis' , 'def' , 97); 
INSERT INTO  Utilisateur  VALUE (52 , 'gregoire' , 'erica ' , 'erica ' , 'def' , 121); 
INSERT INTO  Utilisateur  VALUE (53 , 'eric' , 'erica ' , 'martin' , 'jkl' , 122); 
INSERT INTO  Utilisateur  VALUE (54 , 'eric' , 'michelle' , 'Patrick' , 'ghi' , 81); 
INSERT INTO  Utilisateur  VALUE (55 , 'eric' , 'erica ' , 'Patrick' , 'def' , 104); 
INSERT INTO  Utilisateur  VALUE (56 , 'gregoire' , 'nobunaga' , 'erica ' , 'jkl' , 69); 
INSERT INTO  Utilisateur  VALUE (57 , 'gregoire' , 'nobunaga' , 'ramis' , 'jkl' , 83); 
INSERT INTO  Utilisateur  VALUE (58 , 'gregoire' , 'michelle' , 'Patrick' , 'abc' , 101); 
INSERT INTO  Utilisateur  VALUE (59 , 'delamiere' , 'ramis' , 'ramis' , 'jkl' , 148); 
INSERT INTO  Utilisateur  VALUE (60 , 'gregoire' , 'ramis' , 'nobunaga' , 'abc' , 81); 
INSERT INTO  Utilisateur  VALUE (61 , 'richard' , 'ramis' , 'michelle' , 'def' , 114); 
INSERT INTO  Utilisateur  VALUE (62 , 'richard' , 'Patrick' , 'erica ' , 'jkl' , 109); 
INSERT INTO  Utilisateur  VALUE (63 , 'chen' , 'michelle' , 'ramis' , 'def' , 126); 
INSERT INTO  Utilisateur  VALUE (64 , 'eric' , 'ramis' , 'erica ' , 'ghi' , 155); 
INSERT INTO  Utilisateur  VALUE (65 , 'gregoire' , 'Patrick' , 'nobunaga' , 'def' , 126); 
INSERT INTO  Utilisateur  VALUE (66 , 'chen' , 'martin' , 'ramis' , 'def' , 99); 
INSERT INTO  Utilisateur  VALUE (67 , 'makre' , 'Patrick' , 'ramis' , 'def' , 156); 
INSERT INTO  Utilisateur  VALUE (68 , 'richard' , 'martin' , 'ramis' , 'abc' , 111); 
INSERT INTO  Utilisateur  VALUE (69 , 'richard' , 'Patrick' , 'erica ' , 'def' , 97); 
INSERT INTO  Utilisateur  VALUE (70 , 'makre' , 'ramis' , 'nobunaga' , 'ghi' , 93); 
INSERT INTO  Utilisateur  VALUE (71 , 'gregoire' , 'martin' , 'nobunaga' , 'jkl' , 99); 
INSERT INTO  Utilisateur  VALUE (72 , 'richard' , 'ramis' , 'michelle' , 'ghi' , 129); 
INSERT INTO  Utilisateur  VALUE (73 , 'delamiere' , 'erica ' , 'Patrick' , 'abc' , 96); 
INSERT INTO  Utilisateur  VALUE (74 , 'delamiere' , 'nobunaga' , 'Patrick' , 'ghi' , 74); 
INSERT INTO  Utilisateur  VALUE (75 , 'chen' , 'nobunaga' , 'michelle' , 'abc' , 114); 
INSERT INTO  Utilisateur  VALUE (76 , 'richard' , 'martin' , 'martin' , 'abc' , 137); 
INSERT INTO  Utilisateur  VALUE (77 , 'eric' , 'nobunaga' , 'nobunaga' , 'jkl' , 108); 
INSERT INTO  Utilisateur  VALUE (78 , 'eric' , 'nobunaga' , 'michelle' , 'def' , 128); 
INSERT INTO  Utilisateur  VALUE (79 , 'chen' , 'Patrick' , 'michelle' , 'jkl' , 150); 
INSERT INTO  Utilisateur  VALUE (80 , 'chen' , 'nobunaga' , 'ramis' , 'jkl' , 85); 
INSERT INTO  Utilisateur  VALUE (81 , 'eric' , 'erica ' , 'michelle' , 'jkl' , 121); 
INSERT INTO  Utilisateur  VALUE (82 , 'makre' , 'michelle' , 'Patrick' , 'abc' , 98); 
INSERT INTO  Utilisateur  VALUE (83 , 'delamiere' , 'martin' , 'nobunaga' , 'jkl' , 97); 
INSERT INTO  Utilisateur  VALUE (84 , 'richard' , 'Patrick' , 'ramis' , 'jkl' , 96); 
INSERT INTO  Utilisateur  VALUE (85 , 'chen' , 'michelle' , 'michelle' , 'abc' , 157); 
INSERT INTO  Utilisateur  VALUE (86 , 'delamiere' , 'ramis' , 'martin' , 'ghi' , 164); 
INSERT INTO  Utilisateur  VALUE (87 , 'makre' , 'Patrick' , 'martin' , 'ghi' , 133); 
INSERT INTO  Utilisateur  VALUE (88 , 'makre' , 'ramis' , 'nobunaga' , 'ghi' , 185); 
INSERT INTO  Utilisateur  VALUE (89 , 'chen' , 'ramis' , 'nobunaga' , 'ghi' , 169); 
INSERT INTO  Utilisateur  VALUE (90 , 'eric' , 'ramis' , 'nobunaga' , 'def' , 151); 
INSERT INTO  Utilisateur  VALUE (91 , 'delamiere' , 'erica ' , 'nobunaga' , 'def' , 123); 
INSERT INTO  Utilisateur  VALUE (92 , 'makre' , 'Patrick' , 'Patrick' , 'abc' , 97); 
INSERT INTO  Utilisateur  VALUE (93 , 'delamiere' , 'michelle' , 'Patrick' , 'ghi' , 125); 
INSERT INTO  Utilisateur  VALUE (94 , 'chen' , 'michelle' , 'nobunaga' , 'abc' , 98); 
INSERT INTO  Utilisateur  VALUE (95 , 'richard' , 'ramis' , 'ramis' , 'ghi' , 106); 
INSERT INTO  Utilisateur  VALUE (96 , 'delamiere' , 'Patrick' , 'martin' , 'ghi' , 194); 
INSERT INTO  Utilisateur  VALUE (97 , 'delamiere' , 'Patrick' , 'Patrick' , 'def' , 142); 
INSERT INTO  Utilisateur  VALUE (98 , 'gregoire' , 'nobunaga' , 'martin' , 'abc' , 136); 
INSERT INTO  Utilisateur  VALUE (99 , 'delamiere' , 'martin' , 'michelle' , 'jkl' , 136); 
INSERT INTO  Utilisateur  VALUE (100 , 'chen' , 'Patrick' , 'nobunaga' , 'abc' , 163); 
INSERT INTO  Utilisateur  VALUE (101 , 'makre' , 'ramis' , 'erica ' , 'abc' , 174); 
INSERT INTO  Utilisateur  VALUE (102 , 'gregoire' , 'michelle' , 'martin' , 'ghi' , 193); 
INSERT INTO  Utilisateur  VALUE (103 , 'chen' , 'ramis' , 'martin' , 'abc' , 173); 
INSERT INTO  Utilisateur  VALUE (104 , 'delamiere' , 'michelle' , 'michelle' , 'def' , 157); 
INSERT INTO  Utilisateur  VALUE (105 , 'delamiere' , 'erica ' , 'Patrick' , 'def' , 123); 
INSERT INTO  Utilisateur  VALUE (106 , 'gregoire' , 'martin' , 'martin' , 'def' , 193); 
INSERT INTO  Utilisateur  VALUE (107 , 'eric' , 'nobunaga' , 'nobunaga' , 'def' , 131); 
INSERT INTO  Utilisateur  VALUE (108 , 'gregoire' , 'martin' , 'nobunaga' , 'def' , 149); 
INSERT INTO  Utilisateur  VALUE (109 , 'makre' , 'martin' , 'michelle' , 'abc' , 146); 
INSERT INTO  Utilisateur  VALUE (110 , 'chen' , 'Patrick' , 'erica ' , 'abc' , 208); 
INSERT INTO  Utilisateur  VALUE (111 , 'eric' , 'michelle' , 'martin' , 'abc' , 147); 
INSERT INTO  Utilisateur  VALUE (112 , 'gregoire' , 'ramis' , 'erica ' , 'ghi' , 134); 
INSERT INTO  Utilisateur  VALUE (113 , 'eric' , 'nobunaga' , 'michelle' , 'jkl' , 158); 
INSERT INTO  Utilisateur  VALUE (114 , 'gregoire' , 'Patrick' , 'Patrick' , 'abc' , 210); 
INSERT INTO  Utilisateur  VALUE (115 , 'chen' , 'nobunaga' , 'Patrick' , 'ghi' , 164); 
INSERT INTO  Utilisateur  VALUE (116 , 'eric' , 'ramis' , 'ramis' , 'abc' , 148); 
INSERT INTO  Utilisateur  VALUE (117 , 'makre' , 'martin' , 'Patrick' , 'ghi' , 163); 
INSERT INTO  Utilisateur  VALUE (118 , 'chen' , 'michelle' , 'Patrick' , 'jkl' , 181); 
INSERT INTO  Utilisateur  VALUE (119 , 'makre' , 'nobunaga' , 'erica ' , 'ghi' , 194); 
INSERT INTO  Utilisateur  VALUE (120 , 'eric' , 'Patrick' , 'Patrick' , 'jkl' , 217); 
INSERT INTO  Utilisateur  VALUE (121 , 'gregoire' , 'Patrick' , 'martin' , 'ghi' , 202); 
INSERT INTO  Utilisateur  VALUE (122 , 'makre' , 'michelle' , 'nobunaga' , 'def' , 182); 
INSERT INTO  Utilisateur  VALUE (123 , 'richard' , 'nobunaga' , 'Patrick' , 'def' , 148); 
INSERT INTO  Utilisateur  VALUE (124 , 'gregoire' , 'michelle' , 'erica ' , 'jkl' , 140); 
INSERT INTO  Utilisateur  VALUE (125 , 'richard' , 'erica ' , 'erica ' , 'abc' , 155); 
INSERT INTO  Utilisateur  VALUE (126 , 'gregoire' , 'martin' , 'Patrick' , 'ghi' , 198); 
INSERT INTO  Utilisateur  VALUE (127 , 'eric' , 'martin' , 'michelle' , 'jkl' , 143); 
INSERT INTO  Utilisateur  VALUE (128 , 'delamiere' , 'michelle' , 'martin' , 'jkl' , 192); 
INSERT INTO  Utilisateur  VALUE (129 , 'delamiere' , 'erica ' , 'nobunaga' , 'def' , 170); 
INSERT INTO  Utilisateur  VALUE (130 , 'chen' , 'martin' , 'michelle' , 'def' , 165); 
INSERT INTO  Utilisateur  VALUE (131 , 'chen' , 'martin' , 'nobunaga' , 'ghi' , 215); 
INSERT INTO  Utilisateur  VALUE (132 , 'eric' , 'martin' , 'ramis' , 'abc' , 231); 
INSERT INTO  Utilisateur  VALUE (133 , 'richard' , 'michelle' , 'Patrick' , 'jkl' , 184); 
INSERT INTO  Utilisateur  VALUE (134 , 'richard' , 'michelle' , 'michelle' , 'abc' , 232); 
INSERT INTO  Utilisateur  VALUE (135 , 'delamiere' , 'Patrick' , 'Patrick' , 'def' , 181); 
INSERT INTO  Utilisateur  VALUE (136 , 'chen' , 'erica ' , 'Patrick' , 'jkl' , 217); 
INSERT INTO  Utilisateur  VALUE (137 , 'eric' , 'ramis' , 'erica ' , 'jkl' , 176); 
INSERT INTO  Utilisateur  VALUE (138 , 'chen' , 'michelle' , 'nobunaga' , 'jkl' , 222); 
INSERT INTO  Utilisateur  VALUE (139 , 'chen' , 'Patrick' , 'nobunaga' , 'ghi' , 173); 
INSERT INTO  Utilisateur  VALUE (140 , 'richard' , 'erica ' , 'nobunaga' , 'def' , 194); 
INSERT INTO  Utilisateur  VALUE (141 , 'chen' , 'ramis' , 'Patrick' , 'def' , 232); 
INSERT INTO  Utilisateur  VALUE (142 , 'richard' , 'martin' , 'martin' , 'def' , 146); 
INSERT INTO  Utilisateur  VALUE (143 , 'gregoire' , 'michelle' , 'erica ' , 'jkl' , 171); 
INSERT INTO  Utilisateur  VALUE (144 , 'chen' , 'Patrick' , 'ramis' , 'jkl' , 224); 
INSERT INTO  Utilisateur  VALUE (145 , 'makre' , 'Patrick' , 'erica ' , 'def' , 236); 
INSERT INTO  Utilisateur  VALUE (146 , 'delamiere' , 'martin' , 'Patrick' , 'abc' , 163); 
INSERT INTO  Utilisateur  VALUE (147 , 'eric' , 'Patrick' , 'michelle' , 'abc' , 228); 
INSERT INTO  Utilisateur  VALUE (148 , 'chen' , 'nobunaga' , 'nobunaga' , 'abc' , 226); 
INSERT INTO  Utilisateur  VALUE (149 , 'makre' , 'ramis' , 'martin' , 'ghi' , 183); 
INSERT INTO  Utilisateur  VALUE (150 , 'makre' , 'ramis' , 'michelle' , 'abc' , 186); 
INSERT INTO  Utilisateur  VALUE (151 , 'richard' , 'ramis' , 'nobunaga' , 'jkl' , 160); 
INSERT INTO  Utilisateur  VALUE (152 , 'gregoire' , 'nobunaga' , 'ramis' , 'ghi' , 185); 
INSERT INTO  Utilisateur  VALUE (153 , 'richard' , 'nobunaga' , 'martin' , 'abc' , 172); 
INSERT INTO  Utilisateur  VALUE (154 , 'richard' , 'nobunaga' , 'ramis' , 'abc' , 228); 
INSERT INTO  Utilisateur  VALUE (155 , 'makre' , 'nobunaga' , 'ramis' , 'def' , 223); 
INSERT INTO  Utilisateur  VALUE (156 , 'gregoire' , 'ramis' , 'nobunaga' , 'jkl' , 247); 
INSERT INTO  Utilisateur  VALUE (157 , 'eric' , 'martin' , 'Patrick' , 'def' , 213); 
INSERT INTO  Utilisateur  VALUE (158 , 'gregoire' , 'Patrick' , 'ramis' , 'ghi' , 210); 
INSERT INTO  Utilisateur  VALUE (159 , 'gregoire' , 'Patrick' , 'Patrick' , 'def' , 258); 
INSERT INTO  Utilisateur  VALUE (160 , 'delamiere' , 'nobunaga' , 'michelle' , 'abc' , 175); 
INSERT INTO  Utilisateur  VALUE (161 , 'richard' , 'Patrick' , 'martin' , 'def' , 254); 
INSERT INTO  Utilisateur  VALUE (162 , 'richard' , 'martin' , 'ramis' , 'jkl' , 261); 
INSERT INTO  Utilisateur  VALUE (163 , 'makre' , 'ramis' , 'ramis' , 'abc' , 216); 
INSERT INTO  Utilisateur  VALUE (164 , 'eric' , 'Patrick' , 'michelle' , 'jkl' , 233); 
INSERT INTO  Utilisateur  VALUE (165 , 'gregoire' , 'michelle' , 'ramis' , 'jkl' , 248); 
INSERT INTO  Utilisateur  VALUE (166 , 'makre' , 'michelle' , 'michelle' , 'jkl' , 232); 
INSERT INTO  Utilisateur  VALUE (167 , 'makre' , 'michelle' , 'ramis' , 'jkl' , 217); 
INSERT INTO  Utilisateur  VALUE (168 , 'chen' , 'Patrick' , 'Patrick' , 'ghi' , 237); 
INSERT INTO  Utilisateur  VALUE (169 , 'chen' , 'Patrick' , 'erica ' , 'abc' , 258); 
INSERT INTO  Utilisateur  VALUE (170 , 'makre' , 'Patrick' , 'martin' , 'abc' , 266); 
INSERT INTO  Utilisateur  VALUE (171 , 'richard' , 'martin' , 'nobunaga' , 'abc' , 212); 
INSERT INTO  Utilisateur  VALUE (172 , 'richard' , 'martin' , 'nobunaga' , 'def' , 257); 
INSERT INTO  Utilisateur  VALUE (173 , 'chen' , 'nobunaga' , 'ramis' , 'abc' , 193); 
INSERT INTO  Utilisateur  VALUE (174 , 'eric' , 'ramis' , 'erica ' , 'ghi' , 176); 
INSERT INTO  Utilisateur  VALUE (175 , 'delamiere' , 'ramis' , 'erica ' , 'def' , 233); 
INSERT INTO  Utilisateur  VALUE (176 , 'delamiere' , 'ramis' , 'ramis' , 'jkl' , 235); 
INSERT INTO  Utilisateur  VALUE (177 , 'eric' , 'ramis' , 'martin' , 'jkl' , 225); 
INSERT INTO  Utilisateur  VALUE (178 , 'gregoire' , 'erica ' , 'martin' , 'abc' , 267); 
INSERT INTO  Utilisateur  VALUE (179 , 'gregoire' , 'nobunaga' , 'ramis' , 'abc' , 210); 
INSERT INTO  Utilisateur  VALUE (180 , 'chen' , 'nobunaga' , 'michelle' , 'def' , 270); 
INSERT INTO  Utilisateur  VALUE (181 , 'eric' , 'nobunaga' , 'erica ' , 'def' , 208); 
INSERT INTO  Utilisateur  VALUE (182 , 'delamiere' , 'Patrick' , 'erica ' , 'def' , 259); 
INSERT INTO  Utilisateur  VALUE (183 , 'delamiere' , 'michelle' , 'erica ' , 'jkl' , 251); 
INSERT INTO  Utilisateur  VALUE (184 , 'gregoire' , 'nobunaga' , 'erica ' , 'ghi' , 241); 
INSERT INTO  Utilisateur  VALUE (185 , 'chen' , 'ramis' , 'nobunaga' , 'ghi' , 254); 
INSERT INTO  Utilisateur  VALUE (186 , 'gregoire' , 'ramis' , 'erica ' , 'abc' , 282); 
INSERT INTO  Utilisateur  VALUE (187 , 'eric' , 'erica ' , 'Patrick' , 'ghi' , 230); 
INSERT INTO  Utilisateur  VALUE (188 , 'richard' , 'nobunaga' , 'michelle' , 'def' , 246); 
INSERT INTO  Utilisateur  VALUE (189 , 'gregoire' , 'michelle' , 'ramis' , 'def' , 197); 
INSERT INTO  Utilisateur  VALUE (190 , 'makre' , 'Patrick' , 'michelle' , 'ghi' , 267); 
INSERT INTO  Utilisateur  VALUE (191 , 'eric' , 'martin' , 'ramis' , 'def' , 246); 
INSERT INTO  Utilisateur  VALUE (192 , 'gregoire' , 'Patrick' , 'erica ' , 'def' , 289); 
INSERT INTO  Utilisateur  VALUE (193 , 'eric' , 'michelle' , 'martin' , 'abc' , 264); 
INSERT INTO  Utilisateur  VALUE (194 , 'gregoire' , 'Patrick' , 'michelle' , 'ghi' , 210); 
INSERT INTO  Utilisateur  VALUE (195 , 'delamiere' , 'michelle' , 'erica ' , 'jkl' , 235); 
INSERT INTO  Utilisateur  VALUE (196 , 'chen' , 'Patrick' , 'martin' , 'jkl' , 280); 
INSERT INTO  Utilisateur  VALUE (197 , 'richard' , 'erica ' , 'martin' , 'ghi' , 243); 
INSERT INTO  Utilisateur  VALUE (198 , 'richard' , 'ramis' , 'ramis' , 'ghi' , 278); 
INSERT INTO  Utilisateur  VALUE (199 , 'gregoire' , 'nobunaga' , 'nobunaga' , 'ghi' , 214); 
INSERT INTO  Utilisateur  VALUE (200 , 'delamiere' , 'erica ' , 'michelle' , 'def' , 207); 
INSERT INTO  Utilisateur  VALUE (201 , 'gregoire' , 'michelle' , 'nobunaga' , 'def' , 204); 
INSERT INTO  Utilisateur  VALUE (202 , 'chen' , 'erica ' , 'erica ' , 'ghi' , 276); 
INSERT INTO  Utilisateur  VALUE (203 , 'eric' , 'ramis' , 'nobunaga' , 'ghi' , 264); 
INSERT INTO  Utilisateur  VALUE (204 , 'gregoire' , 'michelle' , 'Patrick' , 'abc' , 213); 
INSERT INTO  Utilisateur  VALUE (205 , 'eric' , 'Patrick' , 'michelle' , 'def' , 285); 
INSERT INTO  Utilisateur  VALUE (206 , 'makre' , 'erica ' , 'ramis' , 'abc' , 250); 
INSERT INTO  Utilisateur  VALUE (207 , 'gregoire' , 'nobunaga' , 'michelle' , 'abc' , 290); 
INSERT INTO  Utilisateur  VALUE (208 , 'gregoire' , 'nobunaga' , 'michelle' , 'jkl' , 298); 
INSERT INTO  Utilisateur  VALUE (209 , 'eric' , 'Patrick' , 'martin' , 'jkl' , 298); 
INSERT INTO  Utilisateur  VALUE (210 , 'richard' , 'nobunaga' , 'nobunaga' , 'def' , 281); 
INSERT INTO  Utilisateur  VALUE (211 , 'gregoire' , 'martin' , 'Patrick' , 'jkl' , 241); 
INSERT INTO  Utilisateur  VALUE (212 , 'delamiere' , 'michelle' , 'nobunaga' , 'def' , 216); 
INSERT INTO  Utilisateur  VALUE (213 , 'eric' , 'erica ' , 'michelle' , 'jkl' , 245); 
INSERT INTO  Utilisateur  VALUE (214 , 'eric' , 'erica ' , 'michelle' , 'ghi' , 284); 
INSERT INTO  Utilisateur  VALUE (215 , 'gregoire' , 'ramis' , 'nobunaga' , 'jkl' , 281); 
INSERT INTO  Utilisateur  VALUE (216 , 'gregoire' , 'nobunaga' , 'martin' , 'def' , 230); 
INSERT INTO  Utilisateur  VALUE (217 , 'chen' , 'ramis' , 'michelle' , 'jkl' , 261); 
INSERT INTO  Utilisateur  VALUE (218 , 'eric' , 'erica ' , 'ramis' , 'ghi' , 271); 
INSERT INTO  Utilisateur  VALUE (219 , 'delamiere' , 'nobunaga' , 'michelle' , 'def' , 318); 
INSERT INTO  Utilisateur  VALUE (220 , 'delamiere' , 'erica ' , 'michelle' , 'ghi' , 268); 
INSERT INTO  Utilisateur  VALUE (221 , 'gregoire' , 'nobunaga' , 'ramis' , 'ghi' , 230); 
INSERT INTO  Utilisateur  VALUE (222 , 'chen' , 'michelle' , 'martin' , 'ghi' , 312); 
INSERT INTO  Utilisateur  VALUE (223 , 'richard' , 'martin' , 'ramis' , 'ghi' , 284); 
INSERT INTO  Utilisateur  VALUE (224 , 'chen' , 'erica ' , 'Patrick' , 'def' , 270); 
INSERT INTO  Utilisateur  VALUE (225 , 'eric' , 'nobunaga' , 'Patrick' , 'jkl' , 307); 
INSERT INTO  Utilisateur  VALUE (226 , 'gregoire' , 'Patrick' , 'ramis' , 'def' , 293); 
INSERT INTO  Utilisateur  VALUE (227 , 'makre' , 'nobunaga' , 'erica ' , 'def' , 274); 
INSERT INTO  Utilisateur  VALUE (228 , 'richard' , 'erica ' , 'martin' , 'ghi' , 292); 
INSERT INTO  Utilisateur  VALUE (229 , 'chen' , 'ramis' , 'nobunaga' , 'ghi' , 282); 
INSERT INTO  Utilisateur  VALUE (230 , 'richard' , 'martin' , 'Patrick' , 'def' , 298); 
INSERT INTO  Utilisateur  VALUE (231 , 'makre' , 'Patrick' , 'michelle' , 'def' , 311); 
INSERT INTO  Utilisateur  VALUE (232 , 'makre' , 'martin' , 'martin' , 'abc' , 250); 
INSERT INTO  Utilisateur  VALUE (233 , 'richard' , 'ramis' , 'Patrick' , 'ghi' , 246); 
INSERT INTO  Utilisateur  VALUE (234 , 'richard' , 'michelle' , 'erica ' , 'def' , 328); 
INSERT INTO  Utilisateur  VALUE (235 , 'richard' , 'michelle' , 'michelle' , 'def' , 283); 
INSERT INTO  Utilisateur  VALUE (236 , 'richard' , 'Patrick' , 'Patrick' , 'def' , 254); 
INSERT INTO  Utilisateur  VALUE (237 , 'delamiere' , 'erica ' , 'nobunaga' , 'def' , 334); 
INSERT INTO  Utilisateur  VALUE (238 , 'delamiere' , 'erica ' , 'Patrick' , 'def' , 328); 
INSERT INTO  Utilisateur  VALUE (239 , 'richard' , 'martin' , 'ramis' , 'jkl' , 268); 
INSERT INTO  Utilisateur  VALUE (240 , 'delamiere' , 'martin' , 'martin' , 'ghi' , 272); 
INSERT INTO  Utilisateur  VALUE (241 , 'delamiere' , 'michelle' , 'nobunaga' , 'abc' , 252); 
INSERT INTO  Utilisateur  VALUE (242 , 'richard' , 'ramis' , 'erica ' , 'def' , 308); 
INSERT INTO  Utilisateur  VALUE (243 , 'makre' , 'Patrick' , 'martin' , 'abc' , 308); 
INSERT INTO  Utilisateur  VALUE (244 , 'eric' , 'nobunaga' , 'michelle' , 'def' , 328); 
INSERT INTO  Utilisateur  VALUE (245 , 'delamiere' , 'michelle' , 'martin' , 'jkl' , 317); 
INSERT INTO  Utilisateur  VALUE (246 , 'eric' , 'Patrick' , 'nobunaga' , 'abc' , 338); 
INSERT INTO  Utilisateur  VALUE (247 , 'richard' , 'martin' , 'martin' , 'ghi' , 336); 
INSERT INTO  Utilisateur  VALUE (248 , 'eric' , 'ramis' , 'martin' , 'abc' , 275); 
INSERT INTO  Utilisateur  VALUE (249 , 'makre' , 'martin' , 'ramis' , 'ghi' , 317); 
INSERT INTO  Utilisateur  VALUE (250 , 'delamiere' , 'martin' , 'erica ' , 'def' , 251); 
INSERT INTO  Utilisateur  VALUE (251 , 'chen' , 'nobunaga' , 'ramis' , 'abc' , 300); 
INSERT INTO  Utilisateur  VALUE (252 , 'makre' , 'nobunaga' , 'Patrick' , 'ghi' , 282); 
INSERT INTO  Utilisateur  VALUE (253 , 'gregoire' , 'martin' , 'Patrick' , 'ghi' , 311); 
INSERT INTO  Utilisateur  VALUE (254 , 'chen' , 'erica ' , 'michelle' , 'jkl' , 300); 
INSERT INTO  Utilisateur  VALUE (255 , 'eric' , 'erica ' , 'Patrick' , 'abc' , 257); 
INSERT INTO  Utilisateur  VALUE (256 , 'chen' , 'michelle' , 'nobunaga' , 'ghi' , 327); 
INSERT INTO  Utilisateur  VALUE (257 , 'chen' , 'ramis' , 'erica ' , 'ghi' , 354); 
INSERT INTO  Utilisateur  VALUE (258 , 'richard' , 'michelle' , 'ramis' , 'abc' , 287); 
INSERT INTO  Utilisateur  VALUE (259 , 'makre' , 'Patrick' , 'Patrick' , 'jkl' , 301); 
INSERT INTO  Utilisateur  VALUE (260 , 'richard' , 'nobunaga' , 'ramis' , 'abc' , 343); 
INSERT INTO  Utilisateur  VALUE (261 , 'eric' , 'michelle' , 'Patrick' , 'ghi' , 329); 
INSERT INTO  Utilisateur  VALUE (262 , 'gregoire' , 'martin' , 'michelle' , 'jkl' , 274); 
INSERT INTO  Utilisateur  VALUE (263 , 'gregoire' , 'Patrick' , 'ramis' , 'jkl' , 338); 
INSERT INTO  Utilisateur  VALUE (264 , 'makre' , 'ramis' , 'ramis' , 'abc' , 316); 
INSERT INTO  Utilisateur  VALUE (265 , 'gregoire' , 'nobunaga' , 'erica ' , 'ghi' , 303); 
INSERT INTO  Utilisateur  VALUE (266 , 'gregoire' , 'michelle' , 'ramis' , 'def' , 341); 
INSERT INTO  Utilisateur  VALUE (267 , 'richard' , 'nobunaga' , 'erica ' , 'abc' , 275); 
INSERT INTO  Utilisateur  VALUE (268 , 'richard' , 'ramis' , 'martin' , 'def' , 345); 
INSERT INTO  Utilisateur  VALUE (269 , 'eric' , 'ramis' , 'martin' , 'def' , 305); 
INSERT INTO  Utilisateur  VALUE (270 , 'gregoire' , 'michelle' , 'michelle' , 'jkl' , 291); 
INSERT INTO  Utilisateur  VALUE (271 , 'richard' , 'michelle' , 'erica ' , 'def' , 303); 
INSERT INTO  Utilisateur  VALUE (272 , 'chen' , 'nobunaga' , 'ramis' , 'ghi' , 349); 
INSERT INTO  Utilisateur  VALUE (273 , 'gregoire' , 'martin' , 'Patrick' , 'ghi' , 350); 
INSERT INTO  Utilisateur  VALUE (274 , 'chen' , 'nobunaga' , 'ramis' , 'abc' , 308); 
INSERT INTO  Utilisateur  VALUE (275 , 'chen' , 'martin' , 'ramis' , 'def' , 329); 
INSERT INTO  Utilisateur  VALUE (276 , 'eric' , 'nobunaga' , 'martin' , 'jkl' , 356); 
INSERT INTO  Utilisateur  VALUE (277 , 'makre' , 'michelle' , 'ramis' , 'def' , 288); 
INSERT INTO  Utilisateur  VALUE (278 , 'delamiere' , 'ramis' , 'martin' , 'ghi' , 315); 
INSERT INTO  Utilisateur  VALUE (279 , 'eric' , 'Patrick' , 'ramis' , 'jkl' , 367); 
INSERT INTO  Utilisateur  VALUE (280 , 'eric' , 'Patrick' , 'nobunaga' , 'ghi' , 286); 
INSERT INTO  Utilisateur  VALUE (281 , 'chen' , 'nobunaga' , 'ramis' , 'ghi' , 361); 
INSERT INTO  Utilisateur  VALUE (282 , 'chen' , 'nobunaga' , 'martin' , 'def' , 338); 
INSERT INTO  Utilisateur  VALUE (283 , 'eric' , 'erica ' , 'ramis' , 'def' , 286); 
INSERT INTO  Utilisateur  VALUE (284 , 'delamiere' , 'martin' , 'erica ' , 'abc' , 361); 
INSERT INTO  Utilisateur  VALUE (285 , 'eric' , 'martin' , 'nobunaga' , 'def' , 290); 
INSERT INTO  Utilisateur  VALUE (286 , 'makre' , 'martin' , 'ramis' , 'jkl' , 324); 
INSERT INTO  Utilisateur  VALUE (287 , 'gregoire' , 'nobunaga' , 'michelle' , 'abc' , 320); 
INSERT INTO  Utilisateur  VALUE (288 , 'delamiere' , 'martin' , 'nobunaga' , 'ghi' , 367); 
INSERT INTO  Utilisateur  VALUE (289 , 'richard' , 'Patrick' , 'ramis' , 'jkl' , 303); 
INSERT INTO  Utilisateur  VALUE (290 , 'chen' , 'martin' , 'michelle' , 'ghi' , 299); 
INSERT INTO  Utilisateur  VALUE (291 , 'gregoire' , 'martin' , 'ramis' , 'def' , 332); 
INSERT INTO  Utilisateur  VALUE (292 , 'makre' , 'nobunaga' , 'nobunaga' , 'ghi' , 330); 
INSERT INTO  Utilisateur  VALUE (293 , 'delamiere' , 'erica ' , 'ramis' , 'ghi' , 334); 
INSERT INTO  Utilisateur  VALUE (294 , 'eric' , 'Patrick' , 'erica ' , 'jkl' , 376); 
INSERT INTO  Utilisateur  VALUE (295 , 'gregoire' , 'erica ' , 'erica ' , 'ghi' , 330); 
INSERT INTO  Utilisateur  VALUE (296 , 'makre' , 'erica ' , 'nobunaga' , 'abc' , 310); 
INSERT INTO  Utilisateur  VALUE (297 , 'chen' , 'erica ' , 'nobunaga' , 'def' , 392); 
INSERT INTO  Utilisateur  VALUE (298 , 'chen' , 'erica ' , 'Patrick' , 'def' , 311); 
INSERT INTO  Utilisateur  VALUE (299 , 'gregoire' , 'martin' , 'michelle' , 'def' , 341); 
INSERT INTO  Utilisateur  VALUE (300 , 'chen' , 'Patrick' , 'Patrick' , 'ghi' , 390); 
INSERT INTO  Utilisateur  VALUE (301 , 'delamiere' , 'ramis' , 'Patrick' , 'def' , 390); 
INSERT INTO  Utilisateur  VALUE (302 , 'chen' , 'nobunaga' , 'ramis' , 'ghi' , 381); 
INSERT INTO  Utilisateur  VALUE (303 , 'richard' , 'ramis' , 'nobunaga' , 'ghi' , 312); 
INSERT INTO  Utilisateur  VALUE (304 , 'gregoire' , 'erica ' , 'Patrick' , 'jkl' , 385); 
INSERT INTO  Utilisateur  VALUE (305 , 'gregoire' , 'martin' , 'michelle' , 'ghi' , 394); 
INSERT INTO  Utilisateur  VALUE (306 , 'delamiere' , 'erica ' , 'nobunaga' , 'ghi' , 346); 
INSERT INTO  Utilisateur  VALUE (307 , 'eric' , 'nobunaga' , 'Patrick' , 'abc' , 346); 
INSERT INTO  Utilisateur  VALUE (308 , 'makre' , 'martin' , 'ramis' , 'jkl' , 318); 
INSERT INTO  Utilisateur  VALUE (309 , 'gregoire' , 'ramis' , 'michelle' , 'abc' , 309); 
INSERT INTO  Utilisateur  VALUE (310 , 'richard' , 'Patrick' , 'martin' , 'ghi' , 375); 
INSERT INTO  Utilisateur  VALUE (311 , 'makre' , 'ramis' , 'michelle' , 'def' , 325); 
INSERT INTO  Utilisateur  VALUE (312 , 'makre' , 'martin' , 'Patrick' , 'ghi' , 398); 
INSERT INTO  Utilisateur  VALUE (313 , 'makre' , 'michelle' , 'nobunaga' , 'def' , 375); 
INSERT INTO  Utilisateur  VALUE (314 , 'gregoire' , 'michelle' , 'martin' , 'jkl' , 347); 
INSERT INTO  Utilisateur  VALUE (315 , 'eric' , 'Patrick' , 'martin' , 'abc' , 332); 
INSERT INTO  Utilisateur  VALUE (316 , 'eric' , 'Patrick' , 'ramis' , 'jkl' , 372); 
INSERT INTO  Utilisateur  VALUE (317 , 'eric' , 'martin' , 'martin' , 'abc' , 383); 
INSERT INTO  Utilisateur  VALUE (318 , 'delamiere' , 'martin' , 'erica ' , 'abc' , 367); 
INSERT INTO  Utilisateur  VALUE (319 , 'eric' , 'ramis' , 'martin' , 'def' , 373); 
INSERT INTO  Utilisateur  VALUE (320 , 'makre' , 'erica ' , 'michelle' , 'ghi' , 332); 
INSERT INTO  Utilisateur  VALUE (321 , 'richard' , 'michelle' , 'michelle' , 'jkl' , 360); 
INSERT INTO  Utilisateur  VALUE (322 , 'makre' , 'nobunaga' , 'Patrick' , 'ghi' , 417); 
INSERT INTO  Utilisateur  VALUE (323 , 'chen' , 'martin' , 'Patrick' , 'def' , 342); 
INSERT INTO  Utilisateur  VALUE (324 , 'makre' , 'michelle' , 'ramis' , 'abc' , 365); 
INSERT INTO  Utilisateur  VALUE (325 , 'gregoire' , 'ramis' , 'nobunaga' , 'def' , 393); 
INSERT INTO  Utilisateur  VALUE (326 , 'makre' , 'nobunaga' , 'Patrick' , 'abc' , 418); 
INSERT INTO  Utilisateur  VALUE (327 , 'makre' , 'martin' , 'michelle' , 'def' , 359); 
INSERT INTO  Utilisateur  VALUE (328 , 'eric' , 'nobunaga' , 'Patrick' , 'jkl' , 335); 
INSERT INTO  Utilisateur  VALUE (329 , 'richard' , 'Patrick' , 'michelle' , 'jkl' , 368); 
INSERT INTO  Utilisateur  VALUE (330 , 'richard' , 'erica ' , 'Patrick' , 'jkl' , 371); 
INSERT INTO  Utilisateur  VALUE (331 , 'gregoire' , 'Patrick' , 'michelle' , 'def' , 337); 
INSERT INTO  Utilisateur  VALUE (332 , 'gregoire' , 'nobunaga' , 'ramis' , 'def' , 343); 
INSERT INTO  Utilisateur  VALUE (333 , 'eric' , 'Patrick' , 'Patrick' , 'jkl' , 430); 
INSERT INTO  Utilisateur  VALUE (334 , 'makre' , 'Patrick' , 'martin' , 'ghi' , 368); 
INSERT INTO  Utilisateur  VALUE (335 , 'chen' , 'ramis' , 'michelle' , 'ghi' , 384); 
INSERT INTO  Utilisateur  VALUE (336 , 'gregoire' , 'martin' , 'nobunaga' , 'jkl' , 349); 
INSERT INTO  Utilisateur  VALUE (337 , 'makre' , 'michelle' , 'Patrick' , 'def' , 419); 
INSERT INTO  Utilisateur  VALUE (338 , 'eric' , 'Patrick' , 'ramis' , 'abc' , 356); 
INSERT INTO  Utilisateur  VALUE (339 , 'makre' , 'martin' , 'martin' , 'jkl' , 350); 
INSERT INTO  Utilisateur  VALUE (340 , 'chen' , 'michelle' , 'nobunaga' , 'ghi' , 402); 
INSERT INTO  Utilisateur  VALUE (341 , 'eric' , 'martin' , 'ramis' , 'def' , 391); 
INSERT INTO  Utilisateur  VALUE (342 , 'gregoire' , 'martin' , 'Patrick' , 'abc' , 409); 
INSERT INTO  Utilisateur  VALUE (343 , 'gregoire' , 'martin' , 'martin' , 'def' , 399); 
INSERT INTO  Utilisateur  VALUE (344 , 'gregoire' , 'ramis' , 'ramis' , 'jkl' , 426); 
INSERT INTO  Utilisateur  VALUE (345 , 'richard' , 'Patrick' , 'ramis' , 'abc' , 428); 
INSERT INTO  Utilisateur  VALUE (346 , 'delamiere' , 'michelle' , 'martin' , 'ghi' , 376); 
INSERT INTO  Utilisateur  VALUE (347 , 'eric' , 'nobunaga' , 'nobunaga' , 'def' , 419); 
INSERT INTO  Utilisateur  VALUE (348 , 'gregoire' , 'michelle' , 'Patrick' , 'ghi' , 381); 
INSERT INTO  Utilisateur  VALUE (349 , 'chen' , 'erica ' , 'erica ' , 'ghi' , 389); 
INSERT INTO  Utilisateur  VALUE (350 , 'delamiere' , 'erica ' , 'martin' , 'ghi' , 380); 
INSERT INTO  Utilisateur  VALUE (351 , 'chen' , 'martin' , 'ramis' , 'ghi' , 374); 
INSERT INTO  Utilisateur  VALUE (352 , 'eric' , 'Patrick' , 'Patrick' , 'ghi' , 364); 
INSERT INTO  Utilisateur  VALUE (353 , 'delamiere' , 'martin' , 'ramis' , 'def' , 444); 
INSERT INTO  Utilisateur  VALUE (354 , 'gregoire' , 'nobunaga' , 'ramis' , 'jkl' , 394); 
INSERT INTO  Utilisateur  VALUE (355 , 'gregoire' , 'michelle' , 'martin' , 'abc' , 398); 
INSERT INTO  Utilisateur  VALUE (356 , 'gregoire' , 'Patrick' , 'nobunaga' , 'def' , 398); 
INSERT INTO  Utilisateur  VALUE (357 , 'eric' , 'Patrick' , 'erica ' , 'abc' , 431); 
INSERT INTO  Utilisateur  VALUE (358 , 'richard' , 'ramis' , 'nobunaga' , 'abc' , 443); 
INSERT INTO  Utilisateur  VALUE (359 , 'makre' , 'martin' , 'nobunaga' , 'ghi' , 404); 
INSERT INTO  Utilisateur  VALUE (360 , 'gregoire' , 'martin' , 'martin' , 'ghi' , 365); 
INSERT INTO  Utilisateur  VALUE (361 , 'eric' , 'Patrick' , 'michelle' , 'ghi' , 389); 
INSERT INTO  Utilisateur  VALUE (362 , 'eric' , 'erica ' , 'martin' , 'def' , 381); 
INSERT INTO  Utilisateur  VALUE (363 , 'makre' , 'Patrick' , 'martin' , 'jkl' , 371); 
INSERT INTO  Utilisateur  VALUE (364 , 'delamiere' , 'martin' , 'ramis' , 'jkl' , 423); 
INSERT INTO  Utilisateur  VALUE (365 , 'makre' , 'ramis' , 'nobunaga' , 'jkl' , 451); 
INSERT INTO  Utilisateur  VALUE (366 , 'makre' , 'ramis' , 'nobunaga' , 'def' , 435); 
INSERT INTO  Utilisateur  VALUE (367 , 'delamiere' , 'erica ' , 'nobunaga' , 'jkl' , 397); 
INSERT INTO  Utilisateur  VALUE (368 , 'richard' , 'ramis' , 'Patrick' , 'ghi' , 404); 
INSERT INTO  Utilisateur  VALUE (369 , 'gregoire' , 'martin' , 'michelle' , 'def' , 414); 
INSERT INTO  Utilisateur  VALUE (370 , 'delamiere' , 'michelle' , 'ramis' , 'jkl' , 434); 
INSERT INTO  Utilisateur  VALUE (371 , 'chen' , 'michelle' , 'michelle' , 'ghi' , 425); 
INSERT INTO  Utilisateur  VALUE (372 , 'gregoire' , 'martin' , 'ramis' , 'jkl' , 406); 
INSERT INTO  Utilisateur  VALUE (373 , 'makre' , 'erica ' , 'michelle' , 'ghi' , 405); 
INSERT INTO  Utilisateur  VALUE (374 , 'makre' , 'martin' , 'michelle' , 'ghi' , 435); 
INSERT INTO  Utilisateur  VALUE (375 , 'chen' , 'Patrick' , 'martin' , 'abc' , 400); 
INSERT INTO  Utilisateur  VALUE (376 , 'makre' , 'michelle' , 'martin' , 'abc' , 453); 
INSERT INTO  Utilisateur  VALUE (377 , 'chen' , 'Patrick' , 'Patrick' , 'jkl' , 463); 
INSERT INTO  Utilisateur  VALUE (378 , 'richard' , 'martin' , 'martin' , 'jkl' , 398); 
INSERT INTO  Utilisateur  VALUE (379 , 'chen' , 'martin' , 'ramis' , 'abc' , 458); 
INSERT INTO  Utilisateur  VALUE (380 , 'chen' , 'nobunaga' , 'ramis' , 'def' , 402); 
INSERT INTO  Utilisateur  VALUE (381 , 'delamiere' , 'nobunaga' , 'nobunaga' , 'abc' , 456); 
INSERT INTO  Utilisateur  VALUE (382 , 'delamiere' , 'martin' , 'michelle' , 'jkl' , 384); 
INSERT INTO  Utilisateur  VALUE (383 , 'delamiere' , 'michelle' , 'Patrick' , 'jkl' , 460); 
INSERT INTO  Utilisateur  VALUE (384 , 'delamiere' , 'martin' , 'Patrick' , 'def' , 398); 
INSERT INTO  Utilisateur  VALUE (385 , 'gregoire' , 'ramis' , 'ramis' , 'jkl' , 422); 
INSERT INTO  Utilisateur  VALUE (386 , 'chen' , 'Patrick' , 'Patrick' , 'def' , 450); 
INSERT INTO  Utilisateur  VALUE (387 , 'gregoire' , 'michelle' , 'erica ' , 'jkl' , 418); 
INSERT INTO  Utilisateur  VALUE (388 , 'chen' , 'nobunaga' , 'erica ' , 'def' , 461); 
INSERT INTO  Utilisateur  VALUE (389 , 'eric' , 'nobunaga' , 'erica ' , 'ghi' , 419); 
INSERT INTO  Utilisateur  VALUE (390 , 'richard' , 'Patrick' , 'ramis' , 'def' , 428); 
INSERT INTO  Utilisateur  VALUE (391 , 'eric' , 'Patrick' , 'nobunaga' , 'jkl' , 432); 
INSERT INTO  Utilisateur  VALUE (392 , 'delamiere' , 'ramis' , 'ramis' , 'ghi' , 444); 
INSERT INTO  Utilisateur  VALUE (393 , 'chen' , 'erica ' , 'erica ' , 'ghi' , 403); 
INSERT INTO  Utilisateur  VALUE (394 , 'chen' , 'erica ' , 'ramis' , 'jkl' , 434); 
INSERT INTO  Utilisateur  VALUE (395 , 'chen' , 'michelle' , 'Patrick' , 'jkl' , 411); 
INSERT INTO  Utilisateur  VALUE (396 , 'chen' , 'martin' , 'erica ' , 'jkl' , 472); 
INSERT INTO  Utilisateur  VALUE (397 , 'gregoire' , 'ramis' , 'erica ' , 'abc' , 438); 
INSERT INTO  Utilisateur  VALUE (398 , 'eric' , 'nobunaga' , 'Patrick' , 'jkl' , 496); 
INSERT INTO  Utilisateur  VALUE (399 , 'chen' , 'martin' , 'michelle' , 'ghi' , 467); 
INSERT INTO  Utilisateur  VALUE (400 , 'delamiere' , 'nobunaga' , 'erica ' , 'abc' , 412); 
INSERT INTO  Utilisateur  VALUE (401 , 'richard' , 'michelle' , 'ramis' , 'ghi' , 463); 
INSERT INTO  Utilisateur  VALUE (402 , 'delamiere' , 'Patrick' , 'Patrick' , 'ghi' , 458); 
INSERT INTO  Utilisateur  VALUE (403 , 'makre' , 'nobunaga' , 'ramis' , 'abc' , 419); 
INSERT INTO  Utilisateur  VALUE (404 , 'delamiere' , 'ramis' , 'ramis' , 'ghi' , 486); 
INSERT INTO  Utilisateur  VALUE (405 , 'chen' , 'martin' , 'ramis' , 'jkl' , 502); 
INSERT INTO  Utilisateur  VALUE (406 , 'chen' , 'michelle' , 'Patrick' , 'abc' , 427); 
INSERT INTO  Utilisateur  VALUE (407 , 'gregoire' , 'nobunaga' , 'nobunaga' , 'def' , 457); 
INSERT INTO  Utilisateur  VALUE (408 , 'richard' , 'erica ' , 'ramis' , 'jkl' , 441); 
INSERT INTO  Utilisateur  VALUE (409 , 'delamiere' , 'erica ' , 'erica ' , 'abc' , 487); 
INSERT INTO  Utilisateur  VALUE (410 , 'richard' , 'michelle' , 'nobunaga' , 'ghi' , 489); 
INSERT INTO  Utilisateur  VALUE (411 , 'richard' , 'martin' , 'ramis' , 'def' , 412); 
INSERT INTO  Utilisateur  VALUE (412 , 'richard' , 'nobunaga' , 'michelle' , 'abc' , 450); 
INSERT INTO  Utilisateur  VALUE (413 , 'chen' , 'nobunaga' , 'martin' , 'abc' , 450); 
INSERT INTO  Utilisateur  VALUE (414 , 'richard' , 'Patrick' , 'nobunaga' , 'abc' , 497); 
INSERT INTO  Utilisateur  VALUE (415 , 'gregoire' , 'ramis' , 'michelle' , 'ghi' , 415); 
INSERT INTO  Utilisateur  VALUE (416 , 'gregoire' , 'michelle' , 'ramis' , 'ghi' , 477); 
INSERT INTO  Utilisateur  VALUE (417 , 'gregoire' , 'erica ' , 'Patrick' , 'def' , 467); 
INSERT INTO  Utilisateur  VALUE (418 , 'eric' , 'martin' , 'ramis' , 'jkl' , 505); 
INSERT INTO  Utilisateur  VALUE (419 , 'gregoire' , 'martin' , 'martin' , 'def' , 455); 
INSERT INTO  Utilisateur  VALUE (420 , 'chen' , 'ramis' , 'erica ' , 'jkl' , 434); 
INSERT INTO  Utilisateur  VALUE (421 , 'eric' , 'michelle' , 'nobunaga' , 'ghi' , 504); 
INSERT INTO  Utilisateur  VALUE (422 , 'delamiere' , 'michelle' , 'Patrick' , 'def' , 423); 
INSERT INTO  Utilisateur  VALUE (423 , 'gregoire' , 'martin' , 'ramis' , 'ghi' , 514); 
INSERT INTO  Utilisateur  VALUE (424 , 'chen' , 'michelle' , 'nobunaga' , 'jkl' , 509); 
INSERT INTO  Utilisateur  VALUE (425 , 'delamiere' , 'nobunaga' , 'nobunaga' , 'ghi' , 462); 
INSERT INTO  Utilisateur  VALUE (426 , 'chen' , 'martin' , 'martin' , 'def' , 499); 
INSERT INTO  Utilisateur  VALUE (427 , 'eric' , 'Patrick' , 'ramis' , 'abc' , 432); 
INSERT INTO  Utilisateur  VALUE (428 , 'gregoire' , 'Patrick' , 'erica ' , 'ghi' , 430); 
INSERT INTO  Utilisateur  VALUE (429 , 'richard' , 'erica ' , 'martin' , 'def' , 519); 
INSERT INTO  Utilisateur  VALUE (430 , 'eric' , 'Patrick' , 'martin' , 'def' , 435); 
INSERT INTO  Utilisateur  VALUE (431 , 'delamiere' , 'ramis' , 'martin' , 'def' , 512); 
INSERT INTO  Utilisateur  VALUE (432 , 'gregoire' , 'ramis' , 'michelle' , 'jkl' , 458); 
INSERT INTO  Utilisateur  VALUE (433 , 'richard' , 'erica ' , 'michelle' , 'abc' , 522); 
INSERT INTO  Utilisateur  VALUE (434 , 'eric' , 'ramis' , 'Patrick' , 'ghi' , 529); 
INSERT INTO  Utilisateur  VALUE (435 , 'chen' , 'martin' , 'ramis' , 'def' , 443); 
INSERT INTO  Utilisateur  VALUE (436 , 'delamiere' , 'ramis' , 'erica ' , 'ghi' , 445); 
INSERT INTO  Utilisateur  VALUE (437 , 'chen' , 'erica ' , 'martin' , 'abc' , 465); 
INSERT INTO  Utilisateur  VALUE (438 , 'chen' , 'erica ' , 'nobunaga' , 'def' , 449); 
INSERT INTO  Utilisateur  VALUE (439 , 'richard' , 'ramis' , 'Patrick' , 'jkl' , 440); 
INSERT INTO  Utilisateur  VALUE (440 , 'delamiere' , 'Patrick' , 'ramis' , 'def' , 460); 
INSERT INTO  Utilisateur  VALUE (441 , 'makre' , 'ramis' , 'Patrick' , 'jkl' , 507); 
INSERT INTO  Utilisateur  VALUE (442 , 'gregoire' , 'martin' , 'erica ' , 'jkl' , 474); 
INSERT INTO  Utilisateur  VALUE (443 , 'eric' , 'ramis' , 'ramis' , 'abc' , 458); 
INSERT INTO  Utilisateur  VALUE (444 , 'eric' , 'martin' , 'nobunaga' , 'def' , 534); 
INSERT INTO  Utilisateur  VALUE (445 , 'delamiere' , 'nobunaga' , 'erica ' , 'ghi' , 469); 
INSERT INTO  Utilisateur  VALUE (446 , 'richard' , 'erica ' , 'michelle' , 'def' , 485); 
INSERT INTO  Utilisateur  VALUE (447 , 'gregoire' , 'martin' , 'erica ' , 'ghi' , 541); 
INSERT INTO  Utilisateur  VALUE (448 , 'gregoire' , 'ramis' , 'erica ' , 'abc' , 496); 
INSERT INTO  Utilisateur  VALUE (449 , 'makre' , 'michelle' , 'nobunaga' , 'jkl' , 538); 
INSERT INTO  Utilisateur  VALUE (450 , 'eric' , 'Patrick' , 'michelle' , 'ghi' , 533); 
INSERT INTO  Utilisateur  VALUE (451 , 'chen' , 'nobunaga' , 'erica ' , 'def' , 510); 
INSERT INTO  Utilisateur  VALUE (452 , 'richard' , 'Patrick' , 'martin' , 'jkl' , 541); 
INSERT INTO  Utilisateur  VALUE (453 , 'eric' , 'erica ' , 'martin' , 'ghi' , 471); 
INSERT INTO  Utilisateur  VALUE (454 , 'chen' , 'michelle' , 'Patrick' , 'jkl' , 505); 
INSERT INTO  Utilisateur  VALUE (455 , 'delamiere' , 'martin' , 'Patrick' , 'abc' , 459); 
INSERT INTO  Utilisateur  VALUE (456 , 'delamiere' , 'martin' , 'martin' , 'jkl' , 534); 
INSERT INTO  Utilisateur  VALUE (457 , 'chen' , 'martin' , 'ramis' , 'ghi' , 462); 
INSERT INTO  Utilisateur  VALUE (458 , 'eric' , 'ramis' , 'erica ' , 'def' , 477); 
INSERT INTO  Utilisateur  VALUE (459 , 'eric' , 'erica ' , 'ramis' , 'jkl' , 478); 
INSERT INTO  Utilisateur  VALUE (460 , 'chen' , 'erica ' , 'martin' , 'abc' , 529); 
INSERT INTO  Utilisateur  VALUE (461 , 'makre' , 'nobunaga' , 'ramis' , 'jkl' , 488); 
INSERT INTO  Utilisateur  VALUE (462 , 'makre' , 'nobunaga' , 'nobunaga' , 'def' , 470); 
INSERT INTO  Utilisateur  VALUE (463 , 'richard' , 'erica ' , 'Patrick' , 'def' , 545); 
INSERT INTO  Utilisateur  VALUE (464 , 'gregoire' , 'Patrick' , 'nobunaga' , 'def' , 509); 
INSERT INTO  Utilisateur  VALUE (465 , 'eric' , 'nobunaga' , 'Patrick' , 'abc' , 506); 
INSERT INTO  Utilisateur  VALUE (466 , 'delamiere' , 'nobunaga' , 'nobunaga' , 'jkl' , 538); 
INSERT INTO  Utilisateur  VALUE (467 , 'chen' , 'martin' , 'nobunaga' , 'jkl' , 493); 
INSERT INTO  Utilisateur  VALUE (468 , 'chen' , 'ramis' , 'ramis' , 'jkl' , 534); 
INSERT INTO  Utilisateur  VALUE (469 , 'delamiere' , 'nobunaga' , 'martin' , 'ghi' , 479); 
INSERT INTO  Utilisateur  VALUE (470 , 'makre' , 'martin' , 'martin' , 'abc' , 535); 
INSERT INTO  Utilisateur  VALUE (471 , 'chen' , 'erica ' , 'ramis' , 'abc' , 514); 
INSERT INTO  Utilisateur  VALUE (472 , 'makre' , 'martin' , 'michelle' , 'def' , 557); 
INSERT INTO  Utilisateur  VALUE (473 , 'chen' , 'nobunaga' , 'nobunaga' , 'ghi' , 474); 
INSERT INTO  Utilisateur  VALUE (474 , 'gregoire' , 'ramis' , 'martin' , 'ghi' , 502); 
INSERT INTO  Utilisateur  VALUE (475 , 'eric' , 'ramis' , 'michelle' , 'jkl' , 555); 
INSERT INTO  Utilisateur  VALUE (476 , 'richard' , 'nobunaga' , 'michelle' , 'abc' , 571); 
INSERT INTO  Utilisateur  VALUE (477 , 'eric' , 'erica ' , 'martin' , 'jkl' , 563); 
INSERT INTO  Utilisateur  VALUE (478 , 'eric' , 'ramis' , 'ramis' , 'abc' , 539); 
INSERT INTO  Utilisateur  VALUE (479 , 'eric' , 'ramis' , 'ramis' , 'abc' , 568); 
INSERT INTO  Utilisateur  VALUE (480 , 'makre' , 'nobunaga' , 'nobunaga' , 'abc' , 563); 
INSERT INTO  Utilisateur  VALUE (481 , 'makre' , 'martin' , 'michelle' , 'jkl' , 490); 
INSERT INTO  Utilisateur  VALUE (482 , 'richard' , 'ramis' , 'Patrick' , 'def' , 541); 
INSERT INTO  Utilisateur  VALUE (483 , 'gregoire' , 'ramis' , 'erica ' , 'abc' , 558); 
INSERT INTO  Utilisateur  VALUE (484 , 'richard' , 'erica ' , 'erica ' , 'abc' , 571); 
INSERT INTO  Utilisateur  VALUE (485 , 'delamiere' , 'nobunaga' , 'erica ' , 'abc' , 531); 
INSERT INTO  Utilisateur  VALUE (486 , 'richard' , 'martin' , 'Patrick' , 'abc' , 563); 
INSERT INTO  Utilisateur  VALUE (487 , 'delamiere' , 'michelle' , 'martin' , 'ghi' , 580); 
INSERT INTO  Utilisateur  VALUE (488 , 'makre' , 'nobunaga' , 'nobunaga' , 'ghi' , 504); 
INSERT INTO  Utilisateur  VALUE (489 , 'chen' , 'nobunaga' , 'martin' , 'jkl' , 505); 
INSERT INTO  Utilisateur  VALUE (490 , 'gregoire' , 'ramis' , 'Patrick' , 'ghi' , 490); 
INSERT INTO  Utilisateur  VALUE (491 , 'chen' , 'erica ' , 'nobunaga' , 'jkl' , 552); 
INSERT INTO  Utilisateur  VALUE (492 , 'delamiere' , 'martin' , 'michelle' , 'ghi' , 527); 
INSERT INTO  Utilisateur  VALUE (493 , 'delamiere' , 'nobunaga' , 'nobunaga' , 'abc' , 546); 
INSERT INTO  Utilisateur  VALUE (494 , 'richard' , 'nobunaga' , 'ramis' , 'def' , 543); 
INSERT INTO  Utilisateur  VALUE (495 , 'makre' , 'erica ' , 'ramis' , 'def' , 498); 
INSERT INTO  Utilisateur  VALUE (496 , 'makre' , 'erica ' , 'michelle' , 'def' , 590); 
INSERT INTO  Utilisateur  VALUE (497 , 'chen' , 'ramis' , 'nobunaga' , 'ghi' , 517); 
INSERT INTO  Utilisateur  VALUE (498 , 'eric' , 'nobunaga' , 'michelle' , 'abc' , 559); 
INSERT INTO  Utilisateur  VALUE (499 , 'makre' , 'michelle' , 'ramis' , 'ghi' , 592); 


INSERT INTO  Proprietaire  VALUE  (0 , 'richard@noos.fr' ,  1); 
INSERT INTO  Proprietaire  VALUE  (1 , 'gregoire@Chen.fr' ,  1); 
INSERT INTO  Proprietaire  VALUE  (2 , 'gregoire@noos.fr' ,  0); 
INSERT INTO  Proprietaire  VALUE  (3 , 'chen@live.fr' ,  0); 
INSERT INTO  Proprietaire  VALUE  (4 , 'makre@laposte.fr' ,  1); 
INSERT INTO  Proprietaire  VALUE  (5 , 'richard@laposte.fr' ,  1); 
INSERT INTO  Proprietaire  VALUE  (6 , 'gregoire@gmail.com' ,  0); 
INSERT INTO  Proprietaire  VALUE  (7 , 'delamiere@noos.fr' ,  0); 
INSERT INTO  Proprietaire  VALUE  (8 , 'chen@live.fr' ,  1); 
INSERT INTO  Proprietaire  VALUE  (9 , 'eric@gmail.com' ,  1); 
INSERT INTO  Proprietaire  VALUE  (10 , 'makre@noos.fr' ,  0); 
INSERT INTO  Proprietaire  VALUE  (11 , 'gregoire@noos.fr' ,  0); 
INSERT INTO  Proprietaire  VALUE  (12 , 'makre@hotmail.fr' ,  1); 
INSERT INTO  Proprietaire  VALUE  (13 , 'delamiere@laposte.fr' ,  1); 
INSERT INTO  Proprietaire  VALUE  (14 , 'gregoire@noos.fr' ,  0); 
INSERT INTO  Proprietaire  VALUE  (15 , 'chen@gmail.com' ,  1); 
INSERT INTO  Proprietaire  VALUE  (16 , 'eric@Chen.fr' ,  0); 
INSERT INTO  Proprietaire  VALUE  (17 , 'richard@hotmail.fr' ,  0); 
INSERT INTO  Proprietaire  VALUE  (18 , 'makre@Chen.fr' ,  1); 
INSERT INTO  Proprietaire  VALUE  (19 , 'makre@live.fr' ,  1); 
INSERT INTO  Proprietaire  VALUE  (20 , 'delamiere@noos.fr' ,  1); 
INSERT INTO  Proprietaire  VALUE  (21 , 'chen@live.fr' ,  0); 
INSERT INTO  Proprietaire  VALUE  (22 , 'chen@gmail.com' ,  1); 
INSERT INTO  Proprietaire  VALUE  (23 , 'richard@laposte.fr' ,  1); 
INSERT INTO  Proprietaire  VALUE  (24 , 'eric@gmail.com' ,  1); 
INSERT INTO  Proprietaire  VALUE  (25 , 'chen@noos.fr' ,  1); 
INSERT INTO  Proprietaire  VALUE  (26 , 'gregoire@Chen.fr' ,  1); 
INSERT INTO  Proprietaire  VALUE  (27 , 'gregoire@hotmail.fr' ,  0); 
INSERT INTO  Proprietaire  VALUE  (28 , 'gregoire@live.fr' ,  0); 
INSERT INTO  Proprietaire  VALUE  (29 , 'chen@Chen.fr' ,  0); 
INSERT INTO  Proprietaire  VALUE  (30 , 'gregoire@gmail.com' ,  1); 
INSERT INTO  Proprietaire  VALUE  (31 , 'delamiere@Chen.fr' ,  1); 
INSERT INTO  Proprietaire  VALUE  (32 , 'delamiere@noos.fr' ,  0); 
INSERT INTO  Proprietaire  VALUE  (33 , 'eric@gmail.com' ,  0); 
INSERT INTO  Proprietaire  VALUE  (34 , 'delamiere@live.fr' ,  1); 
INSERT INTO  Proprietaire  VALUE  (35 , 'makre@laposte.fr' ,  0); 
INSERT INTO  Proprietaire  VALUE  (36 , 'makre@live.fr' ,  1); 
INSERT INTO  Proprietaire  VALUE  (37 , 'makre@laposte.fr' ,  0); 
INSERT INTO  Proprietaire  VALUE  (38 , 'makre@noos.fr' ,  1); 
INSERT INTO  Proprietaire  VALUE  (39 , 'eric@hotmail.fr' ,  0); 
INSERT INTO  Proprietaire  VALUE  (40 , 'delamiere@live.fr' ,  1); 
INSERT INTO  Proprietaire  VALUE  (41 , 'richard@hotmail.fr' ,  1); 
INSERT INTO  Proprietaire  VALUE  (42 , 'chen@gmail.com' ,  0); 
INSERT INTO  Proprietaire  VALUE  (43 , 'delamiere@gmail.com' ,  1); 
INSERT INTO  Proprietaire  VALUE  (44 , 'eric@live.fr' ,  0); 
INSERT INTO  Proprietaire  VALUE  (45 , 'eric@gmail.com' ,  0); 
INSERT INTO  Proprietaire  VALUE  (46 , 'makre@hotmail.fr' ,  0); 
INSERT INTO  Proprietaire  VALUE  (47 , 'chen@Chen.fr' ,  1); 
INSERT INTO  Proprietaire  VALUE  (48 , 'eric@noos.fr' ,  0); 
INSERT INTO  Proprietaire  VALUE  (49 , 'eric@hotmail.fr' ,  1); 
INSERT INTO  Proprietaire  VALUE  (50 , 'eric@gmail.com' ,  0); 
INSERT INTO  Proprietaire  VALUE  (51 , 'richard@noos.fr' ,  1); 
INSERT INTO  Proprietaire  VALUE  (52 , 'makre@laposte.fr' ,  0); 
INSERT INTO  Proprietaire  VALUE  (53 , 'delamiere@laposte.fr' ,  0); 
INSERT INTO  Proprietaire  VALUE  (54 , 'gregoire@hotmail.fr' ,  1); 
INSERT INTO  Proprietaire  VALUE  (55 , 'makre@Chen.fr' ,  1); 
INSERT INTO  Proprietaire  VALUE  (56 , 'makre@gmail.com' ,  1); 
INSERT INTO  Proprietaire  VALUE  (57 , 'richard@live.fr' ,  0); 
INSERT INTO  Proprietaire  VALUE  (58 , 'chen@live.fr' ,  0); 
INSERT INTO  Proprietaire  VALUE  (59 , 'richard@Chen.fr' ,  1); 
INSERT INTO  Proprietaire  VALUE  (60 , 'eric@noos.fr' ,  0); 
INSERT INTO  Proprietaire  VALUE  (61 , 'gregoire@gmail.com' ,  1); 
INSERT INTO  Proprietaire  VALUE  (62 , 'gregoire@laposte.fr' ,  1); 
INSERT INTO  Proprietaire  VALUE  (63 , 'delamiere@laposte.fr' ,  0); 
INSERT INTO  Proprietaire  VALUE  (64 , 'gregoire@hotmail.fr' ,  1); 
INSERT INTO  Proprietaire  VALUE  (65 , 'chen@gmail.com' ,  1); 
INSERT INTO  Proprietaire  VALUE  (66 , 'gregoire@live.fr' ,  0); 
INSERT INTO  Proprietaire  VALUE  (67 , 'chen@Chen.fr' ,  1); 
INSERT INTO  Proprietaire  VALUE  (68 , 'gregoire@noos.fr' ,  0); 
INSERT INTO  Proprietaire  VALUE  (69 , 'richard@Chen.fr' ,  1); 
INSERT INTO  Proprietaire  VALUE  (70 , 'makre@hotmail.fr' ,  0); 
INSERT INTO  Proprietaire  VALUE  (71 , 'eric@noos.fr' ,  1); 
INSERT INTO  Proprietaire  VALUE  (72 , 'makre@noos.fr' ,  1); 
INSERT INTO  Proprietaire  VALUE  (73 , 'eric@laposte.fr' ,  1); 
INSERT INTO  Proprietaire  VALUE  (74 , 'gregoire@gmail.com' ,  1); 
INSERT INTO  Proprietaire  VALUE  (75 , 'richard@live.fr' ,  0); 
INSERT INTO  Proprietaire  VALUE  (76 , 'delamiere@gmail.com' ,  1); 
INSERT INTO  Proprietaire  VALUE  (77 , 'makre@live.fr' ,  0); 
INSERT INTO  Proprietaire  VALUE  (78 , 'gregoire@Chen.fr' ,  1); 
INSERT INTO  Proprietaire  VALUE  (79 , 'richard@hotmail.fr' ,  1); 
INSERT INTO  Proprietaire  VALUE  (80 , 'delamiere@hotmail.fr' ,  1); 
INSERT INTO  Proprietaire  VALUE  (81 , 'eric@gmail.com' ,  1); 
INSERT INTO  Proprietaire  VALUE  (82 , 'richard@Chen.fr' ,  0); 
INSERT INTO  Proprietaire  VALUE  (83 , 'chen@live.fr' ,  1); 
INSERT INTO  Proprietaire  VALUE  (84 , 'eric@laposte.fr' ,  0); 
INSERT INTO  Proprietaire  VALUE  (85 , 'chen@live.fr' ,  0); 
INSERT INTO  Proprietaire  VALUE  (86 , 'chen@gmail.com' ,  0); 
INSERT INTO  Proprietaire  VALUE  (87 , 'chen@hotmail.fr' ,  0); 
INSERT INTO  Proprietaire  VALUE  (88 , 'delamiere@Chen.fr' ,  0); 
INSERT INTO  Proprietaire  VALUE  (89 , 'gregoire@noos.fr' ,  1); 
INSERT INTO  Proprietaire  VALUE  (90 , 'eric@live.fr' ,  1); 
INSERT INTO  Proprietaire  VALUE  (91 , 'eric@laposte.fr' ,  1); 
INSERT INTO  Proprietaire  VALUE  (92 , 'gregoire@live.fr' ,  1); 
INSERT INTO  Proprietaire  VALUE  (93 , 'eric@gmail.com' ,  1); 
INSERT INTO  Proprietaire  VALUE  (94 , 'delamiere@hotmail.fr' ,  0); 
INSERT INTO  Proprietaire  VALUE  (95 , 'delamiere@Chen.fr' ,  1); 
INSERT INTO  Proprietaire  VALUE  (96 , 'chen@hotmail.fr' ,  1); 
INSERT INTO  Proprietaire  VALUE  (97 , 'gregoire@laposte.fr' ,  1); 
INSERT INTO  Proprietaire  VALUE  (98 , 'delamiere@noos.fr' ,  1); 
INSERT INTO  Proprietaire  VALUE  (99 , 'makre@Chen.fr' ,  1); 
INSERT INTO  Proprietaire  VALUE  (100 , 'gregoire@hotmail.fr' ,  0); 
INSERT INTO  Proprietaire  VALUE  (101 , 'eric@hotmail.fr' ,  0); 
INSERT INTO  Proprietaire  VALUE  (102 , 'delamiere@noos.fr' ,  0); 
INSERT INTO  Proprietaire  VALUE  (103 , 'makre@gmail.com' ,  1); 
INSERT INTO  Proprietaire  VALUE  (104 , 'makre@noos.fr' ,  0); 
INSERT INTO  Proprietaire  VALUE  (105 , 'chen@Chen.fr' ,  0); 
INSERT INTO  Proprietaire  VALUE  (106 , 'chen@live.fr' ,  0); 
INSERT INTO  Proprietaire  VALUE  (107 , 'richard@gmail.com' ,  1); 
INSERT INTO  Proprietaire  VALUE  (108 , 'delamiere@laposte.fr' ,  0); 
INSERT INTO  Proprietaire  VALUE  (109 , 'makre@Chen.fr' ,  0); 
INSERT INTO  Proprietaire  VALUE  (110 , 'richard@gmail.com' ,  0); 
INSERT INTO  Proprietaire  VALUE  (111 , 'delamiere@hotmail.fr' ,  1); 
INSERT INTO  Proprietaire  VALUE  (112 , 'eric@laposte.fr' ,  1); 
INSERT INTO  Proprietaire  VALUE  (113 , 'richard@gmail.com' ,  1); 
INSERT INTO  Proprietaire  VALUE  (114 , 'eric@laposte.fr' ,  0); 
INSERT INTO  Proprietaire  VALUE  (115 , 'richard@noos.fr' ,  0); 
INSERT INTO  Proprietaire  VALUE  (116 , 'chen@Chen.fr' ,  0); 
INSERT INTO  Proprietaire  VALUE  (117 , 'delamiere@hotmail.fr' ,  1); 
INSERT INTO  Proprietaire  VALUE  (118 , 'richard@hotmail.fr' ,  1); 
INSERT INTO  Proprietaire  VALUE  (119 , 'makre@live.fr' ,  0); 
INSERT INTO  Proprietaire  VALUE  (120 , 'eric@live.fr' ,  0); 
INSERT INTO  Proprietaire  VALUE  (121 , 'delamiere@laposte.fr' ,  0); 
INSERT INTO  Proprietaire  VALUE  (122 , 'chen@laposte.fr' ,  1); 
INSERT INTO  Proprietaire  VALUE  (123 , 'chen@Chen.fr' ,  0); 
INSERT INTO  Proprietaire  VALUE  (124 , 'chen@noos.fr' ,  1); 
INSERT INTO  Proprietaire  VALUE  (125 , 'eric@noos.fr' ,  0); 
INSERT INTO  Proprietaire  VALUE  (126 , 'chen@hotmail.fr' ,  1); 
INSERT INTO  Proprietaire  VALUE  (127 , 'delamiere@gmail.com' ,  1); 
INSERT INTO  Proprietaire  VALUE  (128 , 'richard@Chen.fr' ,  1); 
INSERT INTO  Proprietaire  VALUE  (129 , 'richard@hotmail.fr' ,  1); 
INSERT INTO  Proprietaire  VALUE  (130 , 'eric@gmail.com' ,  0); 
INSERT INTO  Proprietaire  VALUE  (131 , 'chen@noos.fr' ,  0); 
INSERT INTO  Proprietaire  VALUE  (132 , 'richard@Chen.fr' ,  0); 
INSERT INTO  Proprietaire  VALUE  (133 , 'eric@live.fr' ,  0); 
INSERT INTO  Proprietaire  VALUE  (134 , 'delamiere@Chen.fr' ,  0); 
INSERT INTO  Proprietaire  VALUE  (135 , 'eric@Chen.fr' ,  1); 
INSERT INTO  Proprietaire  VALUE  (136 , 'makre@noos.fr' ,  0); 
INSERT INTO  Proprietaire  VALUE  (137 , 'makre@hotmail.fr' ,  1); 
INSERT INTO  Proprietaire  VALUE  (138 , 'gregoire@live.fr' ,  0); 
INSERT INTO  Proprietaire  VALUE  (139 , 'gregoire@Chen.fr' ,  1); 
INSERT INTO  Proprietaire  VALUE  (140 , 'richard@live.fr' ,  1); 
INSERT INTO  Proprietaire  VALUE  (141 , 'gregoire@noos.fr' ,  0); 
INSERT INTO  Proprietaire  VALUE  (142 , 'eric@laposte.fr' ,  1); 
INSERT INTO  Proprietaire  VALUE  (143 , 'richard@live.fr' ,  1); 
INSERT INTO  Proprietaire  VALUE  (144 , 'makre@noos.fr' ,  1); 
INSERT INTO  Proprietaire  VALUE  (145 , 'richard@hotmail.fr' ,  1); 
INSERT INTO  Proprietaire  VALUE  (146 , 'richard@Chen.fr' ,  0); 
INSERT INTO  Proprietaire  VALUE  (147 , 'chen@Chen.fr' ,  1); 
INSERT INTO  Proprietaire  VALUE  (148 , 'eric@Chen.fr' ,  1); 
INSERT INTO  Proprietaire  VALUE  (149 , 'delamiere@live.fr' ,  0); 
INSERT INTO  Proprietaire  VALUE  (150 , 'delamiere@laposte.fr' ,  1); 
INSERT INTO  Proprietaire  VALUE  (151 , 'chen@noos.fr' ,  1); 
INSERT INTO  Proprietaire  VALUE  (152 , 'chen@noos.fr' ,  1); 
INSERT INTO  Proprietaire  VALUE  (153 , 'richard@noos.fr' ,  1); 
INSERT INTO  Proprietaire  VALUE  (154 , 'makre@laposte.fr' ,  1); 
INSERT INTO  Proprietaire  VALUE  (155 , 'chen@Chen.fr' ,  1); 
INSERT INTO  Proprietaire  VALUE  (156 , 'eric@live.fr' ,  0); 
INSERT INTO  Proprietaire  VALUE  (157 , 'gregoire@noos.fr' ,  0); 
INSERT INTO  Proprietaire  VALUE  (158 , 'eric@Chen.fr' ,  1); 
INSERT INTO  Proprietaire  VALUE  (159 , 'gregoire@noos.fr' ,  1); 
INSERT INTO  Proprietaire  VALUE  (160 , 'makre@Chen.fr' ,  1); 
INSERT INTO  Proprietaire  VALUE  (161 , 'chen@Chen.fr' ,  0); 
INSERT INTO  Proprietaire  VALUE  (162 , 'makre@laposte.fr' ,  0); 
INSERT INTO  Proprietaire  VALUE  (163 , 'makre@Chen.fr' ,  0); 
INSERT INTO  Proprietaire  VALUE  (164 , 'gregoire@hotmail.fr' ,  1); 
INSERT INTO  Proprietaire  VALUE  (165 , 'eric@noos.fr' ,  0); 
INSERT INTO  Proprietaire  VALUE  (166 , 'makre@hotmail.fr' ,  0); 
INSERT INTO  Proprietaire  VALUE  (167 , 'gregoire@hotmail.fr' ,  0); 
INSERT INTO  Proprietaire  VALUE  (168 , 'makre@gmail.com' ,  0); 
INSERT INTO  Proprietaire  VALUE  (169 , 'eric@gmail.com' ,  1); 
INSERT INTO  Proprietaire  VALUE  (170 , 'chen@noos.fr' ,  0); 
INSERT INTO  Proprietaire  VALUE  (171 , 'gregoire@hotmail.fr' ,  1); 
INSERT INTO  Proprietaire  VALUE  (172 , 'chen@Chen.fr' ,  1); 
INSERT INTO  Proprietaire  VALUE  (173 , 'eric@Chen.fr' ,  0); 
INSERT INTO  Proprietaire  VALUE  (174 , 'makre@Chen.fr' ,  0); 
INSERT INTO  Proprietaire  VALUE  (175 , 'makre@gmail.com' ,  0); 
INSERT INTO  Proprietaire  VALUE  (176 , 'makre@live.fr' ,  0); 
INSERT INTO  Proprietaire  VALUE  (177 , 'chen@laposte.fr' ,  0); 
INSERT INTO  Proprietaire  VALUE  (178 , 'makre@Chen.fr' ,  0); 
INSERT INTO  Proprietaire  VALUE  (179 , 'eric@live.fr' ,  1); 
INSERT INTO  Proprietaire  VALUE  (180 , 'gregoire@gmail.com' ,  1); 
INSERT INTO  Proprietaire  VALUE  (181 , 'eric@noos.fr' ,  0); 
INSERT INTO  Proprietaire  VALUE  (182 , 'eric@hotmail.fr' ,  1); 
INSERT INTO  Proprietaire  VALUE  (183 , 'chen@live.fr' ,  0); 
INSERT INTO  Proprietaire  VALUE  (184 , 'gregoire@noos.fr' ,  1); 
INSERT INTO  Proprietaire  VALUE  (185 , 'chen@Chen.fr' ,  0); 
INSERT INTO  Proprietaire  VALUE  (186 , 'gregoire@live.fr' ,  0); 
INSERT INTO  Proprietaire  VALUE  (187 , 'delamiere@Chen.fr' ,  1); 
INSERT INTO  Proprietaire  VALUE  (188 , 'eric@noos.fr' ,  0); 
INSERT INTO  Proprietaire  VALUE  (189 , 'delamiere@gmail.com' ,  0); 
INSERT INTO  Proprietaire  VALUE  (190 , 'chen@live.fr' ,  1); 
INSERT INTO  Proprietaire  VALUE  (191 , 'richard@laposte.fr' ,  0); 
INSERT INTO  Proprietaire  VALUE  (192 , 'makre@live.fr' ,  1); 
INSERT INTO  Proprietaire  VALUE  (193 , 'makre@gmail.com' ,  1); 
INSERT INTO  Proprietaire  VALUE  (194 , 'gregoire@laposte.fr' ,  1); 
INSERT INTO  Proprietaire  VALUE  (195 , 'richard@hotmail.fr' ,  0); 
INSERT INTO  Proprietaire  VALUE  (196 , 'gregoire@live.fr' ,  0); 
INSERT INTO  Proprietaire  VALUE  (197 , 'chen@Chen.fr' ,  0); 
INSERT INTO  Proprietaire  VALUE  (198 , 'makre@laposte.fr' ,  0); 
INSERT INTO  Proprietaire  VALUE  (199 , 'chen@live.fr' ,  0); 
INSERT INTO  Proprietaire  VALUE  (200 , 'chen@noos.fr' ,  1); 
INSERT INTO  Proprietaire  VALUE  (201 , 'makre@hotmail.fr' ,  0); 
INSERT INTO  Proprietaire  VALUE  (202 , 'richard@gmail.com' ,  0); 
INSERT INTO  Proprietaire  VALUE  (203 , 'makre@noos.fr' ,  0); 
INSERT INTO  Proprietaire  VALUE  (204 , 'chen@hotmail.fr' ,  1); 
INSERT INTO  Proprietaire  VALUE  (205 , 'richard@noos.fr' ,  1); 
INSERT INTO  Proprietaire  VALUE  (206 , 'richard@hotmail.fr' ,  0); 
INSERT INTO  Proprietaire  VALUE  (207 , 'delamiere@noos.fr' ,  0); 
INSERT INTO  Proprietaire  VALUE  (208 , 'chen@laposte.fr' ,  1); 
INSERT INTO  Proprietaire  VALUE  (209 , 'gregoire@hotmail.fr' ,  0); 
INSERT INTO  Proprietaire  VALUE  (210 , 'chen@laposte.fr' ,  1); 
INSERT INTO  Proprietaire  VALUE  (211 , 'eric@laposte.fr' ,  0); 
INSERT INTO  Proprietaire  VALUE  (212 , 'richard@live.fr' ,  0); 
INSERT INTO  Proprietaire  VALUE  (213 , 'gregoire@live.fr' ,  1); 
INSERT INTO  Proprietaire  VALUE  (214 , 'delamiere@live.fr' ,  1); 
INSERT INTO  Proprietaire  VALUE  (215 , 'richard@laposte.fr' ,  0); 
INSERT INTO  Proprietaire  VALUE  (216 , 'chen@Chen.fr' ,  0); 
INSERT INTO  Proprietaire  VALUE  (217 , 'chen@Chen.fr' ,  0); 
INSERT INTO  Proprietaire  VALUE  (218 , 'richard@hotmail.fr' ,  0); 
INSERT INTO  Proprietaire  VALUE  (219 , 'makre@hotmail.fr' ,  1); 
INSERT INTO  Proprietaire  VALUE  (220 , 'gregoire@gmail.com' ,  1); 
INSERT INTO  Proprietaire  VALUE  (221 , 'eric@noos.fr' ,  1); 
INSERT INTO  Proprietaire  VALUE  (222 , 'makre@live.fr' ,  0); 
INSERT INTO  Proprietaire  VALUE  (223 , 'gregoire@Chen.fr' ,  1); 
INSERT INTO  Proprietaire  VALUE  (224 , 'richard@gmail.com' ,  0); 
INSERT INTO  Proprietaire  VALUE  (225 , 'makre@Chen.fr' ,  1); 
INSERT INTO  Proprietaire  VALUE  (226 , 'makre@hotmail.fr' ,  1); 
INSERT INTO  Proprietaire  VALUE  (227 , 'eric@noos.fr' ,  1); 
INSERT INTO  Proprietaire  VALUE  (228 , 'makre@gmail.com' ,  0); 
INSERT INTO  Proprietaire  VALUE  (229 , 'makre@live.fr' ,  1); 
INSERT INTO  Proprietaire  VALUE  (230 , 'richard@Chen.fr' ,  0); 
INSERT INTO  Proprietaire  VALUE  (231 , 'makre@laposte.fr' ,  1); 
INSERT INTO  Proprietaire  VALUE  (232 , 'chen@hotmail.fr' ,  0); 
INSERT INTO  Proprietaire  VALUE  (233 , 'richard@hotmail.fr' ,  1); 
INSERT INTO  Proprietaire  VALUE  (234 , 'chen@noos.fr' ,  1); 
INSERT INTO  Proprietaire  VALUE  (235 , 'richard@Chen.fr' ,  1); 
INSERT INTO  Proprietaire  VALUE  (236 , 'delamiere@live.fr' ,  1); 
INSERT INTO  Proprietaire  VALUE  (237 , 'chen@noos.fr' ,  0); 
INSERT INTO  Proprietaire  VALUE  (238 , 'delamiere@gmail.com' ,  1); 
INSERT INTO  Proprietaire  VALUE  (239 , 'eric@noos.fr' ,  0); 
INSERT INTO  Proprietaire  VALUE  (240 , 'eric@laposte.fr' ,  0); 
INSERT INTO  Proprietaire  VALUE  (241 , 'delamiere@Chen.fr' ,  0); 
INSERT INTO  Proprietaire  VALUE  (242 , 'gregoire@Chen.fr' ,  1); 
INSERT INTO  Proprietaire  VALUE  (243 , 'eric@live.fr' ,  0); 
INSERT INTO  Proprietaire  VALUE  (244 , 'chen@hotmail.fr' ,  1); 
INSERT INTO  Proprietaire  VALUE  (245 , 'richard@hotmail.fr' ,  0); 
INSERT INTO  Proprietaire  VALUE  (246 , 'delamiere@Chen.fr' ,  1); 
INSERT INTO  Proprietaire  VALUE  (247 , 'gregoire@live.fr' ,  1); 
INSERT INTO  Proprietaire  VALUE  (248 , 'delamiere@gmail.com' ,  0); 
INSERT INTO  Proprietaire  VALUE  (249 , 'delamiere@live.fr' ,  1); 
INSERT INTO  Proprietaire  VALUE  (250 , 'eric@live.fr' ,  0); 
INSERT INTO  Proprietaire  VALUE  (251 , 'eric@live.fr' ,  0); 
INSERT INTO  Proprietaire  VALUE  (252 , 'makre@gmail.com' ,  1); 
INSERT INTO  Proprietaire  VALUE  (253 , 'delamiere@noos.fr' ,  0); 
INSERT INTO  Proprietaire  VALUE  (254 , 'eric@Chen.fr' ,  0); 
INSERT INTO  Proprietaire  VALUE  (255 , 'chen@laposte.fr' ,  1); 
INSERT INTO  Proprietaire  VALUE  (256 , 'chen@gmail.com' ,  1); 
INSERT INTO  Proprietaire  VALUE  (257 , 'richard@live.fr' ,  0); 
INSERT INTO  Proprietaire  VALUE  (258 , 'eric@gmail.com' ,  1); 
INSERT INTO  Proprietaire  VALUE  (259 , 'gregoire@gmail.com' ,  1); 
INSERT INTO  Proprietaire  VALUE  (260 , 'gregoire@laposte.fr' ,  0); 
INSERT INTO  Proprietaire  VALUE  (261 , 'chen@Chen.fr' ,  0); 
INSERT INTO  Proprietaire  VALUE  (262 , 'gregoire@live.fr' ,  1); 
INSERT INTO  Proprietaire  VALUE  (263 , 'gregoire@gmail.com' ,  0); 
INSERT INTO  Proprietaire  VALUE  (264 , 'makre@Chen.fr' ,  1); 
INSERT INTO  Proprietaire  VALUE  (265 , 'gregoire@gmail.com' ,  0); 
INSERT INTO  Proprietaire  VALUE  (266 , 'gregoire@laposte.fr' ,  0); 
INSERT INTO  Proprietaire  VALUE  (267 , 'makre@noos.fr' ,  1); 
INSERT INTO  Proprietaire  VALUE  (268 , 'gregoire@hotmail.fr' ,  1); 
INSERT INTO  Proprietaire  VALUE  (269 , 'delamiere@hotmail.fr' ,  1); 
INSERT INTO  Proprietaire  VALUE  (270 , 'eric@laposte.fr' ,  0); 
INSERT INTO  Proprietaire  VALUE  (271 , 'makre@Chen.fr' ,  0); 
INSERT INTO  Proprietaire  VALUE  (272 , 'delamiere@live.fr' ,  0); 
INSERT INTO  Proprietaire  VALUE  (273 , 'delamiere@hotmail.fr' ,  0); 
INSERT INTO  Proprietaire  VALUE  (274 , 'delamiere@noos.fr' ,  1); 
INSERT INTO  Proprietaire  VALUE  (275 , 'eric@noos.fr' ,  1); 
INSERT INTO  Proprietaire  VALUE  (276 , 'gregoire@gmail.com' ,  0); 
INSERT INTO  Proprietaire  VALUE  (277 , 'chen@live.fr' ,  0); 
INSERT INTO  Proprietaire  VALUE  (278 , 'gregoire@noos.fr' ,  1); 
INSERT INTO  Proprietaire  VALUE  (279 , 'makre@Chen.fr' ,  0); 
INSERT INTO  Proprietaire  VALUE  (280 , 'delamiere@hotmail.fr' ,  0); 
INSERT INTO  Proprietaire  VALUE  (281 , 'delamiere@hotmail.fr' ,  0); 
INSERT INTO  Proprietaire  VALUE  (282 , 'chen@noos.fr' ,  1); 
INSERT INTO  Proprietaire  VALUE  (283 , 'richard@hotmail.fr' ,  0); 
INSERT INTO  Proprietaire  VALUE  (284 , 'richard@live.fr' ,  1); 
INSERT INTO  Proprietaire  VALUE  (285 , 'eric@gmail.com' ,  0); 
INSERT INTO  Proprietaire  VALUE  (286 , 'makre@noos.fr' ,  0); 
INSERT INTO  Proprietaire  VALUE  (287 , 'richard@laposte.fr' ,  1); 
INSERT INTO  Proprietaire  VALUE  (288 , 'chen@live.fr' ,  0); 
INSERT INTO  Proprietaire  VALUE  (289 , 'makre@gmail.com' ,  1); 
INSERT INTO  Proprietaire  VALUE  (290 , 'richard@Chen.fr' ,  1); 
INSERT INTO  Proprietaire  VALUE  (291 , 'chen@laposte.fr' ,  0); 
INSERT INTO  Proprietaire  VALUE  (292 , 'chen@laposte.fr' ,  1); 
INSERT INTO  Proprietaire  VALUE  (293 , 'gregoire@live.fr' ,  0); 
INSERT INTO  Proprietaire  VALUE  (294 , 'eric@live.fr' ,  0); 
INSERT INTO  Proprietaire  VALUE  (295 , 'eric@Chen.fr' ,  1); 
INSERT INTO  Proprietaire  VALUE  (296 , 'makre@Chen.fr' ,  0); 
INSERT INTO  Proprietaire  VALUE  (297 , 'richard@Chen.fr' ,  1); 
INSERT INTO  Proprietaire  VALUE  (298 , 'delamiere@Chen.fr' ,  0); 
INSERT INTO  Proprietaire  VALUE  (299 , 'makre@hotmail.fr' ,  0); 


INSERT INTO  Voyageur  VALUE  (300 , 'or'); 
INSERT INTO  Voyageur  VALUE  (301 , 'bronze'); 
INSERT INTO  Voyageur  VALUE  (302 , 'or'); 
INSERT INTO  Voyageur  VALUE  (303 , 'or'); 
INSERT INTO  Voyageur  VALUE  (304 , 'or'); 
INSERT INTO  Voyageur  VALUE  (305 , 'bronze'); 
INSERT INTO  Voyageur  VALUE  (306 , 'or'); 
INSERT INTO  Voyageur  VALUE  (307 , 'bronze'); 
INSERT INTO  Voyageur  VALUE  (308 , 'argent'); 
INSERT INTO  Voyageur  VALUE  (309 , 'bronze'); 
INSERT INTO  Voyageur  VALUE  (310 , 'bronze'); 
INSERT INTO  Voyageur  VALUE  (311 , 'argent'); 
INSERT INTO  Voyageur  VALUE  (312 , 'or'); 
INSERT INTO  Voyageur  VALUE  (313 , 'bronze'); 
INSERT INTO  Voyageur  VALUE  (314 , 'grade'); 
INSERT INTO  Voyageur  VALUE  (315 , 'argent'); 
INSERT INTO  Voyageur  VALUE  (316 , 'grade'); 
INSERT INTO  Voyageur  VALUE  (317 , 'argent'); 
INSERT INTO  Voyageur  VALUE  (318 , 'grade'); 
INSERT INTO  Voyageur  VALUE  (319 , 'bronze'); 
INSERT INTO  Voyageur  VALUE  (320 , 'or'); 
INSERT INTO  Voyageur  VALUE  (321 , 'or'); 
INSERT INTO  Voyageur  VALUE  (322 , 'grade'); 
INSERT INTO  Voyageur  VALUE  (323 , 'grade'); 
INSERT INTO  Voyageur  VALUE  (324 , 'or'); 
INSERT INTO  Voyageur  VALUE  (325 , 'argent'); 
INSERT INTO  Voyageur  VALUE  (326 , 'argent'); 
INSERT INTO  Voyageur  VALUE  (327 , 'or'); 
INSERT INTO  Voyageur  VALUE  (328 , 'or'); 
INSERT INTO  Voyageur  VALUE  (329 , 'bronze'); 
INSERT INTO  Voyageur  VALUE  (330 , 'argent'); 
INSERT INTO  Voyageur  VALUE  (331 , 'argent'); 
INSERT INTO  Voyageur  VALUE  (332 , 'or'); 
INSERT INTO  Voyageur  VALUE  (333 , 'or'); 
INSERT INTO  Voyageur  VALUE  (334 , 'or'); 
INSERT INTO  Voyageur  VALUE  (335 , 'argent'); 
INSERT INTO  Voyageur  VALUE  (336 , 'bronze'); 
INSERT INTO  Voyageur  VALUE  (337 , 'or'); 
INSERT INTO  Voyageur  VALUE  (338 , 'argent'); 
INSERT INTO  Voyageur  VALUE  (339 , 'bronze'); 
INSERT INTO  Voyageur  VALUE  (340 , 'bronze'); 
INSERT INTO  Voyageur  VALUE  (341 , 'bronze'); 
INSERT INTO  Voyageur  VALUE  (342 , 'argent'); 
INSERT INTO  Voyageur  VALUE  (343 , 'bronze'); 
INSERT INTO  Voyageur  VALUE  (344 , 'grade'); 
INSERT INTO  Voyageur  VALUE  (345 , 'bronze'); 
INSERT INTO  Voyageur  VALUE  (346 , 'or'); 
INSERT INTO  Voyageur  VALUE  (347 , 'bronze'); 
INSERT INTO  Voyageur  VALUE  (348 , 'bronze'); 
INSERT INTO  Voyageur  VALUE  (349 , 'or'); 
INSERT INTO  Voyageur  VALUE  (350 , 'bronze'); 
INSERT INTO  Voyageur  VALUE  (351 , 'or'); 
INSERT INTO  Voyageur  VALUE  (352 , 'or'); 
INSERT INTO  Voyageur  VALUE  (353 , 'argent'); 
INSERT INTO  Voyageur  VALUE  (354 , 'grade'); 
INSERT INTO  Voyageur  VALUE  (355 , 'grade'); 
INSERT INTO  Voyageur  VALUE  (356 , 'grade'); 
INSERT INTO  Voyageur  VALUE  (357 , 'or'); 
INSERT INTO  Voyageur  VALUE  (358 , 'bronze'); 
INSERT INTO  Voyageur  VALUE  (359 , 'grade'); 
INSERT INTO  Voyageur  VALUE  (360 , 'grade'); 
INSERT INTO  Voyageur  VALUE  (361 , 'or'); 
INSERT INTO  Voyageur  VALUE  (362 , 'bronze'); 
INSERT INTO  Voyageur  VALUE  (363 , 'or'); 
INSERT INTO  Voyageur  VALUE  (364 , 'bronze'); 
INSERT INTO  Voyageur  VALUE  (365 , 'grade'); 
INSERT INTO  Voyageur  VALUE  (366 , 'or'); 
INSERT INTO  Voyageur  VALUE  (367 , 'or'); 
INSERT INTO  Voyageur  VALUE  (368 , 'or'); 
INSERT INTO  Voyageur  VALUE  (369 , 'grade'); 
INSERT INTO  Voyageur  VALUE  (370 , 'bronze'); 
INSERT INTO  Voyageur  VALUE  (371 , 'argent'); 
INSERT INTO  Voyageur  VALUE  (372 , 'bronze'); 
INSERT INTO  Voyageur  VALUE  (373 , 'argent'); 
INSERT INTO  Voyageur  VALUE  (374 , 'argent'); 
INSERT INTO  Voyageur  VALUE  (375 , 'argent'); 
INSERT INTO  Voyageur  VALUE  (376 , 'argent'); 
INSERT INTO  Voyageur  VALUE  (377 , 'bronze'); 
INSERT INTO  Voyageur  VALUE  (378 , 'bronze'); 
INSERT INTO  Voyageur  VALUE  (379 , 'bronze'); 
INSERT INTO  Voyageur  VALUE  (380 , 'grade'); 
INSERT INTO  Voyageur  VALUE  (381 , 'argent'); 
INSERT INTO  Voyageur  VALUE  (382 , 'argent'); 
INSERT INTO  Voyageur  VALUE  (383 , 'bronze'); 
INSERT INTO  Voyageur  VALUE  (384 , 'grade'); 
INSERT INTO  Voyageur  VALUE  (385 , 'grade'); 
INSERT INTO  Voyageur  VALUE  (386 , 'grade'); 
INSERT INTO  Voyageur  VALUE  (387 , 'bronze'); 
INSERT INTO  Voyageur  VALUE  (388 , 'bronze'); 
INSERT INTO  Voyageur  VALUE  (389 , 'or'); 
INSERT INTO  Voyageur  VALUE  (390 , 'argent'); 
INSERT INTO  Voyageur  VALUE  (391 , 'argent'); 
INSERT INTO  Voyageur  VALUE  (392 , 'bronze'); 
INSERT INTO  Voyageur  VALUE  (393 , 'grade'); 
INSERT INTO  Voyageur  VALUE  (394 , 'or'); 
INSERT INTO  Voyageur  VALUE  (395 , 'or'); 
INSERT INTO  Voyageur  VALUE  (396 , 'or'); 
INSERT INTO  Voyageur  VALUE  (397 , 'or'); 
INSERT INTO  Voyageur  VALUE  (398 , 'argent'); 
INSERT INTO  Voyageur  VALUE  (399 , 'or'); 
INSERT INTO  Voyageur  VALUE  (400 , 'or'); 
INSERT INTO  Voyageur  VALUE  (401 , 'argent'); 
INSERT INTO  Voyageur  VALUE  (402 , 'bronze'); 
INSERT INTO  Voyageur  VALUE  (403 , 'argent'); 
INSERT INTO  Voyageur  VALUE  (404 , 'argent'); 
INSERT INTO  Voyageur  VALUE  (405 , 'or'); 
INSERT INTO  Voyageur  VALUE  (406 , 'or'); 
INSERT INTO  Voyageur  VALUE  (407 , 'bronze'); 
INSERT INTO  Voyageur  VALUE  (408 , 'or'); 
INSERT INTO  Voyageur  VALUE  (409 , 'argent'); 
INSERT INTO  Voyageur  VALUE  (410 , 'or'); 
INSERT INTO  Voyageur  VALUE  (411 , 'argent'); 
INSERT INTO  Voyageur  VALUE  (412 , 'bronze'); 
INSERT INTO  Voyageur  VALUE  (413 , 'bronze'); 
INSERT INTO  Voyageur  VALUE  (414 , 'or'); 
INSERT INTO  Voyageur  VALUE  (415 , 'grade'); 
INSERT INTO  Voyageur  VALUE  (416 , 'grade'); 
INSERT INTO  Voyageur  VALUE  (417 , 'grade'); 
INSERT INTO  Voyageur  VALUE  (418 , 'or'); 
INSERT INTO  Voyageur  VALUE  (419 , 'argent'); 
INSERT INTO  Voyageur  VALUE  (420 , 'or'); 
INSERT INTO  Voyageur  VALUE  (421 , 'argent'); 
INSERT INTO  Voyageur  VALUE  (422 , 'bronze'); 
INSERT INTO  Voyageur  VALUE  (423 , 'argent'); 
INSERT INTO  Voyageur  VALUE  (424 , 'or'); 
INSERT INTO  Voyageur  VALUE  (425 , 'argent'); 
INSERT INTO  Voyageur  VALUE  (426 , 'or'); 
INSERT INTO  Voyageur  VALUE  (427 , 'or'); 
INSERT INTO  Voyageur  VALUE  (428 , 'or'); 
INSERT INTO  Voyageur  VALUE  (429 , 'or'); 
INSERT INTO  Voyageur  VALUE  (430 , 'or'); 
INSERT INTO  Voyageur  VALUE  (431 , 'or'); 
INSERT INTO  Voyageur  VALUE  (432 , 'bronze'); 
INSERT INTO  Voyageur  VALUE  (433 , 'bronze'); 
INSERT INTO  Voyageur  VALUE  (434 , 'bronze'); 
INSERT INTO  Voyageur  VALUE  (435 , 'bronze'); 
INSERT INTO  Voyageur  VALUE  (436 , 'argent'); 
INSERT INTO  Voyageur  VALUE  (437 , 'argent'); 
INSERT INTO  Voyageur  VALUE  (438 , 'or'); 
INSERT INTO  Voyageur  VALUE  (439 , 'bronze'); 
INSERT INTO  Voyageur  VALUE  (440 , 'grade'); 
INSERT INTO  Voyageur  VALUE  (441 , 'argent'); 
INSERT INTO  Voyageur  VALUE  (442 , 'bronze'); 
INSERT INTO  Voyageur  VALUE  (443 , 'grade'); 
INSERT INTO  Voyageur  VALUE  (444 , 'bronze'); 
INSERT INTO  Voyageur  VALUE  (445 , 'or'); 
INSERT INTO  Voyageur  VALUE  (446 , 'grade'); 
INSERT INTO  Voyageur  VALUE  (447 , 'argent'); 
INSERT INTO  Voyageur  VALUE  (448 , 'bronze'); 
INSERT INTO  Voyageur  VALUE  (449 , 'or'); 
INSERT INTO  Voyageur  VALUE  (450 , 'bronze'); 
INSERT INTO  Voyageur  VALUE  (451 , 'grade'); 
INSERT INTO  Voyageur  VALUE  (452 , 'grade'); 
INSERT INTO  Voyageur  VALUE  (453 , 'grade'); 
INSERT INTO  Voyageur  VALUE  (454 , 'grade'); 
INSERT INTO  Voyageur  VALUE  (455 , 'grade'); 
INSERT INTO  Voyageur  VALUE  (456 , 'or'); 
INSERT INTO  Voyageur  VALUE  (457 , 'grade'); 
INSERT INTO  Voyageur  VALUE  (458 , 'bronze'); 
INSERT INTO  Voyageur  VALUE  (459 , 'argent'); 
INSERT INTO  Voyageur  VALUE  (460 , 'grade'); 
INSERT INTO  Voyageur  VALUE  (461 , 'grade'); 
INSERT INTO  Voyageur  VALUE  (462 , 'or'); 
INSERT INTO  Voyageur  VALUE  (463 , 'or'); 
INSERT INTO  Voyageur  VALUE  (464 , 'bronze'); 
INSERT INTO  Voyageur  VALUE  (465 , 'grade'); 
INSERT INTO  Voyageur  VALUE  (466 , 'argent'); 
INSERT INTO  Voyageur  VALUE  (467 , 'or'); 
INSERT INTO  Voyageur  VALUE  (468 , 'bronze'); 
INSERT INTO  Voyageur  VALUE  (469 , 'bronze'); 
INSERT INTO  Voyageur  VALUE  (470 , 'or'); 
INSERT INTO  Voyageur  VALUE  (471 , 'bronze'); 
INSERT INTO  Voyageur  VALUE  (472 , 'grade'); 
INSERT INTO  Voyageur  VALUE  (473 , 'bronze'); 
INSERT INTO  Voyageur  VALUE  (474 , 'argent'); 
INSERT INTO  Voyageur  VALUE  (475 , 'or'); 
INSERT INTO  Voyageur  VALUE  (476 , 'or'); 
INSERT INTO  Voyageur  VALUE  (477 , 'or'); 
INSERT INTO  Voyageur  VALUE  (478 , 'grade'); 
INSERT INTO  Voyageur  VALUE  (479 , 'argent'); 
INSERT INTO  Voyageur  VALUE  (480 , 'bronze'); 
INSERT INTO  Voyageur  VALUE  (481 , 'bronze'); 
INSERT INTO  Voyageur  VALUE  (482 , 'argent'); 
INSERT INTO  Voyageur  VALUE  (483 , 'bronze'); 
INSERT INTO  Voyageur  VALUE  (484 , 'or'); 
INSERT INTO  Voyageur  VALUE  (485 , 'grade'); 
INSERT INTO  Voyageur  VALUE  (486 , 'grade'); 
INSERT INTO  Voyageur  VALUE  (487 , 'or'); 
INSERT INTO  Voyageur  VALUE  (488 , 'or'); 
INSERT INTO  Voyageur  VALUE  (489 , 'or'); 
INSERT INTO  Voyageur  VALUE  (490 , 'argent'); 
INSERT INTO  Voyageur  VALUE  (491 , 'bronze'); 
INSERT INTO  Voyageur  VALUE  (492 , 'argent'); 
INSERT INTO  Voyageur  VALUE  (493 , 'argent'); 
INSERT INTO  Voyageur  VALUE  (494 , 'argent'); 
INSERT INTO  Voyageur  VALUE  (495 , 'bronze'); 
INSERT INTO  Voyageur  VALUE  (496 , 'or'); 
INSERT INTO  Voyageur  VALUE  (497 , 'or'); 
INSERT INTO  Voyageur  VALUE  (498 , 'bronze'); 
INSERT INTO  Voyageur  VALUE  (499 , 'argent'); 


INSERT INTO  Partenaire  VALUE  (0 , 'eric'); 
INSERT INTO  Partenaire  VALUE  (1 , 'makre'); 
INSERT INTO  Partenaire  VALUE  (2 , 'eric'); 
INSERT INTO  Partenaire  VALUE  (3 , 'eric'); 
INSERT INTO  Partenaire  VALUE  (4 , 'makre'); 
INSERT INTO  Partenaire  VALUE  (5 , 'chen'); 
INSERT INTO  Partenaire  VALUE  (6 , 'chen'); 
INSERT INTO  Partenaire  VALUE  (7 , 'makre'); 
INSERT INTO  Partenaire  VALUE  (8 , 'gregoire'); 
INSERT INTO  Partenaire  VALUE  (9 , 'gregoire'); 
INSERT INTO  Partenaire  VALUE  (10 , 'delamiere'); 
INSERT INTO  Partenaire  VALUE  (11 , 'eric'); 
INSERT INTO  Partenaire  VALUE  (12 , 'gregoire'); 
INSERT INTO  Partenaire  VALUE  (13 , 'chen'); 
INSERT INTO  Partenaire  VALUE  (14 , 'makre'); 
INSERT INTO  Partenaire  VALUE  (15 , 'delamiere'); 
INSERT INTO  Partenaire  VALUE  (16 , 'eric'); 
INSERT INTO  Partenaire  VALUE  (17 , 'eric'); 
INSERT INTO  Partenaire  VALUE  (18 , 'chen'); 
INSERT INTO  Partenaire  VALUE  (19 , 'delamiere'); 
INSERT INTO  Partenaire  VALUE  (20 , 'makre'); 
INSERT INTO  Partenaire  VALUE  (21 , 'gregoire'); 
INSERT INTO  Partenaire  VALUE  (22 , 'delamiere'); 
INSERT INTO  Partenaire  VALUE  (23 , 'chen'); 
INSERT INTO  Partenaire  VALUE  (24 , 'delamiere'); 
INSERT INTO  Partenaire  VALUE  (25 , 'makre'); 
INSERT INTO  Partenaire  VALUE  (26 , 'delamiere'); 
INSERT INTO  Partenaire  VALUE  (27 , 'delamiere'); 
INSERT INTO  Partenaire  VALUE  (28 , 'delamiere'); 
INSERT INTO  Partenaire  VALUE  (29 , 'gregoire'); 
INSERT INTO  Partenaire  VALUE  (30 , 'makre'); 
INSERT INTO  Partenaire  VALUE  (31 , 'makre'); 
INSERT INTO  Partenaire  VALUE  (32 , 'chen'); 
INSERT INTO  Partenaire  VALUE  (33 , 'eric'); 
INSERT INTO  Partenaire  VALUE  (34 , 'eric'); 
INSERT INTO  Partenaire  VALUE  (35 , 'chen'); 
INSERT INTO  Partenaire  VALUE  (36 , 'gregoire'); 
INSERT INTO  Partenaire  VALUE  (37 , 'gregoire'); 
INSERT INTO  Partenaire  VALUE  (38 , 'gregoire'); 
INSERT INTO  Partenaire  VALUE  (39 , 'eric'); 
INSERT INTO  Partenaire  VALUE  (40 , 'eric'); 
INSERT INTO  Partenaire  VALUE  (41 , 'makre'); 
INSERT INTO  Partenaire  VALUE  (42 , 'gregoire'); 
INSERT INTO  Partenaire  VALUE  (43 , 'gregoire'); 
INSERT INTO  Partenaire  VALUE  (44 , 'eric'); 
INSERT INTO  Partenaire  VALUE  (45 , 'makre'); 
INSERT INTO  Partenaire  VALUE  (46 , 'gregoire'); 
INSERT INTO  Partenaire  VALUE  (47 , 'delamiere'); 
INSERT INTO  Partenaire  VALUE  (48 , 'chen'); 
INSERT INTO  Partenaire  VALUE  (49 , 'delamiere'); 
INSERT INTO  Partenaire  VALUE  (50 , 'chen'); 
INSERT INTO  Partenaire  VALUE  (51 , 'delamiere'); 
INSERT INTO  Partenaire  VALUE  (52 , 'makre'); 
INSERT INTO  Partenaire  VALUE  (53 , 'chen'); 
INSERT INTO  Partenaire  VALUE  (54 , 'chen'); 
INSERT INTO  Partenaire  VALUE  (55 , 'eric'); 
INSERT INTO  Partenaire  VALUE  (56 , 'chen'); 
INSERT INTO  Partenaire  VALUE  (57 , 'makre'); 
INSERT INTO  Partenaire  VALUE  (58 , 'makre'); 
INSERT INTO  Partenaire  VALUE  (59 , 'delamiere'); 
INSERT INTO  Partenaire  VALUE  (60 , 'delamiere'); 
INSERT INTO  Partenaire  VALUE  (61 , 'delamiere'); 
INSERT INTO  Partenaire  VALUE  (62 , 'makre'); 
INSERT INTO  Partenaire  VALUE  (63 , 'eric'); 
INSERT INTO  Partenaire  VALUE  (64 , 'delamiere'); 
INSERT INTO  Partenaire  VALUE  (65 , 'eric'); 
INSERT INTO  Partenaire  VALUE  (66 , 'chen'); 
INSERT INTO  Partenaire  VALUE  (67 , 'gregoire'); 
INSERT INTO  Partenaire  VALUE  (68 , 'makre'); 
INSERT INTO  Partenaire  VALUE  (69 , 'makre'); 
INSERT INTO  Partenaire  VALUE  (70 , 'eric'); 
INSERT INTO  Partenaire  VALUE  (71 , 'gregoire'); 
INSERT INTO  Partenaire  VALUE  (72 , 'gregoire'); 
INSERT INTO  Partenaire  VALUE  (73 , 'makre'); 
INSERT INTO  Partenaire  VALUE  (74 , 'gregoire'); 
INSERT INTO  Partenaire  VALUE  (75 , 'chen'); 
INSERT INTO  Partenaire  VALUE  (76 , 'makre'); 
INSERT INTO  Partenaire  VALUE  (77 , 'eric'); 
INSERT INTO  Partenaire  VALUE  (78 , 'gregoire'); 
INSERT INTO  Partenaire  VALUE  (79 , 'delamiere'); 
INSERT INTO  Partenaire  VALUE  (80 , 'delamiere'); 
INSERT INTO  Partenaire  VALUE  (81 , 'chen'); 
INSERT INTO  Partenaire  VALUE  (82 , 'makre'); 
INSERT INTO  Partenaire  VALUE  (83 , 'gregoire'); 
INSERT INTO  Partenaire  VALUE  (84 , 'eric'); 
INSERT INTO  Partenaire  VALUE  (85 , 'delamiere'); 
INSERT INTO  Partenaire  VALUE  (86 , 'gregoire'); 
INSERT INTO  Partenaire  VALUE  (87 , 'chen'); 
INSERT INTO  Partenaire  VALUE  (88 , 'gregoire'); 
INSERT INTO  Partenaire  VALUE  (89 , 'gregoire'); 
INSERT INTO  Partenaire  VALUE  (90 , 'delamiere'); 
INSERT INTO  Partenaire  VALUE  (91 , 'makre'); 
INSERT INTO  Partenaire  VALUE  (92 , 'makre'); 
INSERT INTO  Partenaire  VALUE  (93 , 'gregoire'); 
INSERT INTO  Partenaire  VALUE  (94 , 'makre'); 
INSERT INTO  Partenaire  VALUE  (95 , 'delamiere'); 
INSERT INTO  Partenaire  VALUE  (96 , 'eric'); 
INSERT INTO  Partenaire  VALUE  (97 , 'delamiere'); 
INSERT INTO  Partenaire  VALUE  (98 , 'eric'); 
INSERT INTO  Partenaire  VALUE  (99 , 'makre'); 


INSERT INTO Etablissement  VALUE (0 , 'Watari' , 'Tokyo' , 6322 , 0 , 153 ) ; 
INSERT INTO Etablissement  VALUE (1 , 'saint Marie' , 'Tokyo' , 8278 , 1 , 77 ) ; 
INSERT INTO Etablissement  VALUE (2 , 'condorcet' , 'Paris' , 1735 , 2 , 100 ) ; 
INSERT INTO Etablissement  VALUE (3 , 'saint Marie' , 'New York' , 5079 , 3 , 168 ) ; 
INSERT INTO Etablissement  VALUE (4 , 'saint Marie' , 'Hong Kong' , 5024 , 4 , 3 ) ; 
INSERT INTO Etablissement  VALUE (5 , 'saint Marie' , 'New York' , 8412 , 5 , 65 ) ; 
INSERT INTO Etablissement  VALUE (6 , 'Watari' , 'Paris' , 347 , 6 , 77 ) ; 
INSERT INTO Etablissement  VALUE (7 , 'saint-louis' , 'Paris' , 3312 , 7 , 139 ) ; 
INSERT INTO Etablissement  VALUE (8 , 'sophie germain' , 'Tokyo' , 8769 , 8 , 26 ) ; 
INSERT INTO Etablissement  VALUE (9 , 'sophie germain' , 'Hong Kong' , 4806 , 9 , 58 ) ; 
INSERT INTO Etablissement  VALUE (10 , 'saint-louis' , 'Tokyo' , 889 , 10 , 184 ) ; 
INSERT INTO Etablissement  VALUE (11 , 'Watari' , 'Paris' , 3458 , 11 , 40 ) ; 
INSERT INTO Etablissement  VALUE (12 , 'Watari' , 'New York' , 4218 , 12 , 108 ) ; 
INSERT INTO Etablissement  VALUE (13 , 'saint Marie' , 'New York' , 6306 , 13 , 120 ) ; 
INSERT INTO Etablissement  VALUE (14 , 'Watari' , 'New York' , 2220 , 14 , 154 ) ; 
INSERT INTO Etablissement  VALUE (15 , 'Watari' , 'New York' , 1367 , 15 , 174 ) ; 
INSERT INTO Etablissement  VALUE (16 , 'sophie germain' , 'New York' , 4435 , 16 , 0 ) ; 
INSERT INTO Etablissement  VALUE (17 , 'dragonTower' , 'Hong Kong' , 6352 , 17 , 96 ) ; 
INSERT INTO Etablissement  VALUE (18 , 'saint-louis' , 'Hong Kong' , 9595 , 18 , 134 ) ; 
INSERT INTO Etablissement  VALUE (19 , 'sophie germain' , 'New York' , 4787 , 19 , 171 ) ; 
INSERT INTO Etablissement  VALUE (20 , 'Watari' , 'Paris' , 6149 , 20 , 189 ) ; 
INSERT INTO Etablissement  VALUE (21 , 'dragonTower' , 'Londres' , 5170 , 21 , 139 ) ; 
INSERT INTO Etablissement  VALUE (22 , 'dragonTower' , 'Londres' , 7107 , 22 , 24 ) ; 
INSERT INTO Etablissement  VALUE (23 , 'Watari' , 'Londres' , 1359 , 23 , 97 ) ; 
INSERT INTO Etablissement  VALUE (24 , 'sophie germain' , 'Paris' , 8624 , 24 , 139 ) ; 
INSERT INTO Etablissement  VALUE (25 , 'saint Marie' , 'New York' , 4825 , 25 , 29 ) ; 
INSERT INTO Etablissement  VALUE (26 , 'sophie germain' , 'Londres' , 4231 , 26 , 35 ) ; 
INSERT INTO Etablissement  VALUE (27 , 'condorcet' , 'Tokyo' , 1966 , 27 , 10 ) ; 
INSERT INTO Etablissement  VALUE (28 , 'saint Marie' , 'New York' , 9129 , 28 , 188 ) ; 
INSERT INTO Etablissement  VALUE (29 , 'saint-louis' , 'Hong Kong' , 2118 , 29 , 182 ) ; 
INSERT INTO Etablissement  VALUE (30 , 'Watari' , 'Tokyo' , 1466 , 30 , 160 ) ; 
INSERT INTO Etablissement  VALUE (31 , 'saint Marie' , 'Tokyo' , 4440 , 31 , 42 ) ; 
INSERT INTO Etablissement  VALUE (32 , 'saint Marie' , 'Hong Kong' , 3 , 32 , 15 ) ; 
INSERT INTO Etablissement  VALUE (33 , 'condorcet' , 'Tokyo' , 4341 , 33 , 42 ) ; 
INSERT INTO Etablissement  VALUE (34 , 'saint-louis' , 'Londres' , 85 , 34 , 56 ) ; 
INSERT INTO Etablissement  VALUE (35 , 'sophie germain' , 'Tokyo' , 2607 , 35 , 134 ) ; 
INSERT INTO Etablissement  VALUE (36 , 'saint Marie' , 'Londres' , 2335 , 36 , 163 ) ; 
INSERT INTO Etablissement  VALUE (37 , 'sophie germain' , 'Tokyo' , 2882 , 37 , 171 ) ; 
INSERT INTO Etablissement  VALUE (38 , 'sophie germain' , 'Hong Kong' , 980 , 38 , 38 ) ; 
INSERT INTO Etablissement  VALUE (39 , 'Watari' , 'Tokyo' , 5698 , 39 , 94 ) ; 
INSERT INTO Etablissement  VALUE (40 , 'dragonTower' , 'Londres' , 1231 , 40 , 135 ) ; 
INSERT INTO Etablissement  VALUE (41 , 'saint Marie' , 'Hong Kong' , 9676 , 41 , 112 ) ; 
INSERT INTO Etablissement  VALUE (42 , 'saint-louis' , 'Hong Kong' , 7615 , 42 , 93 ) ; 
INSERT INTO Etablissement  VALUE (43 , 'Watari' , 'Tokyo' , 3102 , 43 , 105 ) ; 
INSERT INTO Etablissement  VALUE (44 , 'sophie germain' , 'Londres' , 7694 , 44 , 143 ) ; 
INSERT INTO Etablissement  VALUE (45 , 'Watari' , 'New York' , 1515 , 45 , 158 ) ; 
INSERT INTO Etablissement  VALUE (46 , 'condorcet' , 'Tokyo' , 8071 , 46 , 1 ) ; 
INSERT INTO Etablissement  VALUE (47 , 'saint-louis' , 'Londres' , 9477 , 47 , 165 ) ; 
INSERT INTO Etablissement  VALUE (48 , 'sophie germain' , 'Hong Kong' , 2098 , 48 , 29 ) ; 
INSERT INTO Etablissement  VALUE (49 , 'sophie germain' , 'Hong Kong' , 7206 , 49 , 95 ) ; 
INSERT INTO Etablissement  VALUE (50 , 'sophie germain' , 'Paris' , 1206 , 50 , 71 ) ; 
INSERT INTO Etablissement  VALUE (51 , 'sophie germain' , 'Hong Kong' , 5205 , 51 , 168 ) ; 
INSERT INTO Etablissement  VALUE (52 , 'dragonTower' , 'Paris' , 4268 , 52 , 42 ) ; 
INSERT INTO Etablissement  VALUE (53 , 'Watari' , 'Tokyo' , 2582 , 53 , 39 ) ; 
INSERT INTO Etablissement  VALUE (54 , 'saint Marie' , 'Hong Kong' , 1905 , 54 , 189 ) ; 
INSERT INTO Etablissement  VALUE (55 , 'saint-louis' , 'New York' , 7204 , 55 , 122 ) ; 
INSERT INTO Etablissement  VALUE (56 , 'saint-louis' , 'Hong Kong' , 5159 , 56 , 184 ) ; 
INSERT INTO Etablissement  VALUE (57 , 'saint Marie' , 'Paris' , 8361 , 57 , 65 ) ; 
INSERT INTO Etablissement  VALUE (58 , 'dragonTower' , 'Londres' , 436 , 58 , 83 ) ; 
INSERT INTO Etablissement  VALUE (59 , 'Watari' , 'Paris' , 5093 , 59 , 5 ) ; 
INSERT INTO Etablissement  VALUE (60 , 'condorcet' , 'Paris' , 5139 , 60 , 13 ) ; 
INSERT INTO Etablissement  VALUE (61 , 'condorcet' , 'Paris' , 5862 , 61 , 114 ) ; 
INSERT INTO Etablissement  VALUE (62 , 'sophie germain' , 'Hong Kong' , 907 , 62 , 100 ) ; 
INSERT INTO Etablissement  VALUE (63 , 'saint-louis' , 'Hong Kong' , 7705 , 63 , 162 ) ; 
INSERT INTO Etablissement  VALUE (64 , 'saint-louis' , 'Hong Kong' , 3868 , 64 , 20 ) ; 
INSERT INTO Etablissement  VALUE (65 , 'saint-louis' , 'Londres' , 5567 , 65 , 103 ) ; 
INSERT INTO Etablissement  VALUE (66 , 'saint Marie' , 'Tokyo' , 3827 , 66 , 190 ) ; 
INSERT INTO Etablissement  VALUE (67 , 'Watari' , 'Hong Kong' , 4948 , 67 , 135 ) ; 
INSERT INTO Etablissement  VALUE (68 , 'dragonTower' , 'Londres' , 6791 , 68 , 56 ) ; 
INSERT INTO Etablissement  VALUE (69 , 'Watari' , 'New York' , 3542 , 69 , 106 ) ; 
INSERT INTO Etablissement  VALUE (70 , 'dragonTower' , 'Londres' , 7765 , 70 , 15 ) ; 
INSERT INTO Etablissement  VALUE (71 , 'saint Marie' , 'Tokyo' , 30 , 71 , 38 ) ; 
INSERT INTO Etablissement  VALUE (72 , 'sophie germain' , 'Londres' , 3214 , 72 , 131 ) ; 
INSERT INTO Etablissement  VALUE (73 , 'condorcet' , 'Hong Kong' , 698 , 73 , 139 ) ; 
INSERT INTO Etablissement  VALUE (74 , 'sophie germain' , 'Londres' , 5113 , 74 , 62 ) ; 
INSERT INTO Etablissement  VALUE (75 , 'dragonTower' , 'Hong Kong' , 7022 , 75 , 166 ) ; 
INSERT INTO Etablissement  VALUE (76 , 'dragonTower' , 'New York' , 1000 , 76 , 77 ) ; 
INSERT INTO Etablissement  VALUE (77 , 'condorcet' , 'Paris' , 9917 , 77 , 22 ) ; 
INSERT INTO Etablissement  VALUE (78 , 'Watari' , 'Londres' , 6946 , 78 , 71 ) ; 
INSERT INTO Etablissement  VALUE (79 , 'dragonTower' , 'Hong Kong' , 8779 , 79 , 140 ) ; 
INSERT INTO Etablissement  VALUE (80 , 'saint Marie' , 'Londres' , 2853 , 80 , 164 ) ; 
INSERT INTO Etablissement  VALUE (81 , 'saint Marie' , 'Paris' , 6018 , 81 , 37 ) ; 
INSERT INTO Etablissement  VALUE (82 , 'dragonTower' , 'Hong Kong' , 1994 , 82 , 79 ) ; 
INSERT INTO Etablissement  VALUE (83 , 'Watari' , 'Londres' , 214 , 83 , 98 ) ; 
INSERT INTO Etablissement  VALUE (84 , 'condorcet' , 'Londres' , 9213 , 84 , 195 ) ; 
INSERT INTO Etablissement  VALUE (85 , 'saint-louis' , 'Londres' , 3584 , 85 , 69 ) ; 
INSERT INTO Etablissement  VALUE (86 , 'sophie germain' , 'New York' , 4701 , 86 , 176 ) ; 
INSERT INTO Etablissement  VALUE (87 , 'condorcet' , 'Paris' , 1918 , 87 , 17 ) ; 
INSERT INTO Etablissement  VALUE (88 , 'saint Marie' , 'Londres' , 2747 , 88 , 151 ) ; 
INSERT INTO Etablissement  VALUE (89 , 'condorcet' , 'New York' , 7634 , 89 , 139 ) ; 
INSERT INTO Etablissement  VALUE (90 , 'dragonTower' , 'Hong Kong' , 7399 , 90 , 72 ) ; 
INSERT INTO Etablissement  VALUE (91 , 'dragonTower' , 'Tokyo' , 9139 , 91 , 76 ) ; 
INSERT INTO Etablissement  VALUE (92 , 'saint-louis' , 'Tokyo' , 9439 , 92 , 104 ) ; 
INSERT INTO Etablissement  VALUE (93 , 'sophie germain' , 'New York' , 2145 , 93 , 19 ) ; 
INSERT INTO Etablissement  VALUE (94 , 'condorcet' , 'Tokyo' , 1576 , 94 , 182 ) ; 
INSERT INTO Etablissement  VALUE (95 , 'Watari' , 'New York' , 1105 , 95 , 156 ) ; 
INSERT INTO Etablissement  VALUE (96 , 'sophie germain' , 'Londres' , 1294 , 96 , 95 ) ; 
INSERT INTO Etablissement  VALUE (97 , 'saint-louis' , 'Hong Kong' , 1437 , 97 , 48 ) ; 
INSERT INTO Etablissement  VALUE (98 , 'dragonTower' , 'Paris' , 3246 , 98 , 120 ) ; 
INSERT INTO Etablissement  VALUE (99 , 'Watari' , 'Londres' , 5703 , 99 , 186 ) ; 
INSERT INTO Etablissement  VALUE (100 , 'condorcet' , 'New York' , 5627 , 100 , 74 ) ; 
INSERT INTO Etablissement  VALUE (101 , 'saint Marie' , 'Tokyo' , 9396 , 101 , 21 ) ; 
INSERT INTO Etablissement  VALUE (102 , 'saint-louis' , 'Paris' , 7424 , 102 , 107 ) ; 
INSERT INTO Etablissement  VALUE (103 , 'dragonTower' , 'Paris' , 4510 , 103 , 10 ) ; 
INSERT INTO Etablissement  VALUE (104 , 'saint Marie' , 'New York' , 5967 , 104 , 1 ) ; 
INSERT INTO Etablissement  VALUE (105 , 'Watari' , 'Londres' , 1556 , 105 , 75 ) ; 
INSERT INTO Etablissement  VALUE (106 , 'dragonTower' , 'Hong Kong' , 6698 , 106 , 196 ) ; 
INSERT INTO Etablissement  VALUE (107 , 'saint Marie' , 'Paris' , 3174 , 107 , 114 ) ; 
INSERT INTO Etablissement  VALUE (108 , 'condorcet' , 'Paris' , 9556 , 108 , 15 ) ; 
INSERT INTO Etablissement  VALUE (109 , 'saint Marie' , 'Hong Kong' , 5031 , 109 , 65 ) ; 
INSERT INTO Etablissement  VALUE (110 , 'saint Marie' , 'New York' , 8910 , 110 , 4 ) ; 
INSERT INTO Etablissement  VALUE (111 , 'saint-louis' , 'New York' , 2142 , 111 , 71 ) ; 
INSERT INTO Etablissement  VALUE (112 , 'condorcet' , 'Hong Kong' , 6448 , 112 , 160 ) ; 
INSERT INTO Etablissement  VALUE (113 , 'Watari' , 'New York' , 1299 , 113 , 122 ) ; 
INSERT INTO Etablissement  VALUE (114 , 'Watari' , 'Londres' , 8927 , 114 , 63 ) ; 
INSERT INTO Etablissement  VALUE (115 , 'sophie germain' , 'Hong Kong' , 2753 , 115 , 42 ) ; 
INSERT INTO Etablissement  VALUE (116 , 'condorcet' , 'Tokyo' , 5216 , 116 , 183 ) ; 
INSERT INTO Etablissement  VALUE (117 , 'Watari' , 'Tokyo' , 6836 , 117 , 101 ) ; 
INSERT INTO Etablissement  VALUE (118 , 'dragonTower' , 'New York' , 9526 , 118 , 81 ) ; 
INSERT INTO Etablissement  VALUE (119 , 'condorcet' , 'Tokyo' , 3666 , 119 , 0 ) ; 
INSERT INTO Etablissement  VALUE (120 , 'saint Marie' , 'Londres' , 258 , 120 , 82 ) ; 
INSERT INTO Etablissement  VALUE (121 , 'saint Marie' , 'Hong Kong' , 6605 , 121 , 23 ) ; 
INSERT INTO Etablissement  VALUE (122 , 'condorcet' , 'Londres' , 6372 , 122 , 18 ) ; 
INSERT INTO Etablissement  VALUE (123 , 'saint-louis' , 'Tokyo' , 2650 , 123 , 4 ) ; 
INSERT INTO Etablissement  VALUE (124 , 'Watari' , 'Londres' , 5698 , 124 , 136 ) ; 
INSERT INTO Etablissement  VALUE (125 , 'condorcet' , 'Tokyo' , 5390 , 125 , 197 ) ; 
INSERT INTO Etablissement  VALUE (126 , 'condorcet' , 'Londres' , 2099 , 126 , 73 ) ; 
INSERT INTO Etablissement  VALUE (127 , 'dragonTower' , 'Hong Kong' , 8725 , 127 , 3 ) ; 
INSERT INTO Etablissement  VALUE (128 , 'condorcet' , 'Paris' , 899 , 128 , 77 ) ; 
INSERT INTO Etablissement  VALUE (129 , 'sophie germain' , 'New York' , 1989 , 129 , 136 ) ; 
INSERT INTO Etablissement  VALUE (130 , 'dragonTower' , 'Londres' , 4497 , 130 , 88 ) ; 
INSERT INTO Etablissement  VALUE (131 , 'Watari' , 'Hong Kong' , 9651 , 131 , 85 ) ; 
INSERT INTO Etablissement  VALUE (132 , 'dragonTower' , 'Hong Kong' , 2572 , 132 , 146 ) ; 
INSERT INTO Etablissement  VALUE (133 , 'saint Marie' , 'Paris' , 1256 , 133 , 158 ) ; 
INSERT INTO Etablissement  VALUE (134 , 'sophie germain' , 'New York' , 3797 , 134 , 60 ) ; 
INSERT INTO Etablissement  VALUE (135 , 'dragonTower' , 'Hong Kong' , 9769 , 135 , 57 ) ; 
INSERT INTO Etablissement  VALUE (136 , 'saint-louis' , 'Paris' , 8484 , 136 , 92 ) ; 
INSERT INTO Etablissement  VALUE (137 , 'sophie germain' , 'New York' , 8989 , 137 , 177 ) ; 
INSERT INTO Etablissement  VALUE (138 , 'condorcet' , 'Hong Kong' , 4056 , 138 , 75 ) ; 
INSERT INTO Etablissement  VALUE (139 , 'Watari' , 'New York' , 3195 , 139 , 73 ) ; 
INSERT INTO Etablissement  VALUE (140 , 'sophie germain' , 'Tokyo' , 7776 , 140 , 53 ) ; 
INSERT INTO Etablissement  VALUE (141 , 'dragonTower' , 'New York' , 4683 , 141 , 186 ) ; 
INSERT INTO Etablissement  VALUE (142 , 'saint-louis' , 'Londres' , 3646 , 142 , 142 ) ; 
INSERT INTO Etablissement  VALUE (143 , 'saint-louis' , 'New York' , 7369 , 143 , 188 ) ; 
INSERT INTO Etablissement  VALUE (144 , 'Watari' , 'Londres' , 2873 , 144 , 188 ) ; 
INSERT INTO Etablissement  VALUE (145 , 'saint-louis' , 'Hong Kong' , 7115 , 145 , 116 ) ; 
INSERT INTO Etablissement  VALUE (146 , 'saint-louis' , 'Hong Kong' , 9846 , 146 , 53 ) ; 
INSERT INTO Etablissement  VALUE (147 , 'dragonTower' , 'Tokyo' , 1944 , 147 , 162 ) ; 
INSERT INTO Etablissement  VALUE (148 , 'saint-louis' , 'Paris' , 8002 , 148 , 177 ) ; 
INSERT INTO Etablissement  VALUE (149 , 'Watari' , 'New York' , 7802 , 149 , 199 ) ; 
INSERT INTO Etablissement  VALUE (150 , 'saint-louis' , 'Paris' , 2532 , 150 , 153 ) ; 
INSERT INTO Etablissement  VALUE (151 , 'Watari' , 'Tokyo' , 8044 , 151 , 196 ) ; 
INSERT INTO Etablissement  VALUE (152 , 'Watari' , 'Paris' , 9308 , 152 , 81 ) ; 
INSERT INTO Etablissement  VALUE (153 , 'Watari' , 'Tokyo' , 7294 , 153 , 109 ) ; 
INSERT INTO Etablissement  VALUE (154 , 'sophie germain' , 'Londres' , 1972 , 154 , 115 ) ; 
INSERT INTO Etablissement  VALUE (155 , 'condorcet' , 'Hong Kong' , 2856 , 155 , 105 ) ; 
INSERT INTO Etablissement  VALUE (156 , 'saint Marie' , 'Tokyo' , 1576 , 156 , 72 ) ; 
INSERT INTO Etablissement  VALUE (157 , 'saint Marie' , 'New York' , 9326 , 157 , 193 ) ; 
INSERT INTO Etablissement  VALUE (158 , 'saint Marie' , 'Londres' , 5717 , 158 , 39 ) ; 
INSERT INTO Etablissement  VALUE (159 , 'saint Marie' , 'New York' , 4584 , 159 , 34 ) ; 
INSERT INTO Etablissement  VALUE (160 , 'Watari' , 'Londres' , 6548 , 160 , 118 ) ; 
INSERT INTO Etablissement  VALUE (161 , 'dragonTower' , 'Hong Kong' , 7819 , 161 , 93 ) ; 
INSERT INTO Etablissement  VALUE (162 , 'sophie germain' , 'New York' , 9604 , 162 , 161 ) ; 
INSERT INTO Etablissement  VALUE (163 , 'saint Marie' , 'Hong Kong' , 2755 , 163 , 10 ) ; 
INSERT INTO Etablissement  VALUE (164 , 'condorcet' , 'New York' , 7847 , 164 , 137 ) ; 
INSERT INTO Etablissement  VALUE (165 , 'condorcet' , 'Paris' , 1739 , 165 , 54 ) ; 
INSERT INTO Etablissement  VALUE (166 , 'Watari' , 'Tokyo' , 7846 , 166 , 72 ) ; 
INSERT INTO Etablissement  VALUE (167 , 'saint-louis' , 'Paris' , 8868 , 167 , 32 ) ; 
INSERT INTO Etablissement  VALUE (168 , 'Watari' , 'Londres' , 7502 , 168 , 113 ) ; 
INSERT INTO Etablissement  VALUE (169 , 'saint-louis' , 'Tokyo' , 2796 , 169 , 22 ) ; 
INSERT INTO Etablissement  VALUE (170 , 'dragonTower' , 'Londres' , 7239 , 170 , 153 ) ; 
INSERT INTO Etablissement  VALUE (171 , 'saint Marie' , 'Tokyo' , 2407 , 171 , 198 ) ; 
INSERT INTO Etablissement  VALUE (172 , 'condorcet' , 'Londres' , 9070 , 172 , 73 ) ; 
INSERT INTO Etablissement  VALUE (173 , 'saint Marie' , 'Paris' , 1005 , 173 , 26 ) ; 
INSERT INTO Etablissement  VALUE (174 , 'sophie germain' , 'Londres' , 457 , 174 , 124 ) ; 
INSERT INTO Etablissement  VALUE (175 , 'condorcet' , 'Tokyo' , 7191 , 175 , 176 ) ; 
INSERT INTO Etablissement  VALUE (176 , 'dragonTower' , 'New York' , 2366 , 176 , 30 ) ; 
INSERT INTO Etablissement  VALUE (177 , 'Watari' , 'Paris' , 3091 , 177 , 157 ) ; 
INSERT INTO Etablissement  VALUE (178 , 'saint-louis' , 'New York' , 3458 , 178 , 5 ) ; 
INSERT INTO Etablissement  VALUE (179 , 'saint Marie' , 'Paris' , 3090 , 179 , 104 ) ; 
INSERT INTO Etablissement  VALUE (180 , 'sophie germain' , 'Londres' , 4791 , 180 , 189 ) ; 
INSERT INTO Etablissement  VALUE (181 , 'dragonTower' , 'Tokyo' , 8754 , 181 , 24 ) ; 
INSERT INTO Etablissement  VALUE (182 , 'Watari' , 'Tokyo' , 1988 , 182 , 188 ) ; 
INSERT INTO Etablissement  VALUE (183 , 'Watari' , 'Londres' , 8082 , 183 , 36 ) ; 
INSERT INTO Etablissement  VALUE (184 , 'sophie germain' , 'New York' , 4258 , 184 , 115 ) ; 
INSERT INTO Etablissement  VALUE (185 , 'Watari' , 'Hong Kong' , 9776 , 185 , 7 ) ; 
INSERT INTO Etablissement  VALUE (186 , 'saint-louis' , 'Paris' , 2187 , 186 , 129 ) ; 
INSERT INTO Etablissement  VALUE (187 , 'dragonTower' , 'New York' , 5667 , 187 , 24 ) ; 
INSERT INTO Etablissement  VALUE (188 , 'dragonTower' , 'Londres' , 8730 , 188 , 164 ) ; 
INSERT INTO Etablissement  VALUE (189 , 'condorcet' , 'Hong Kong' , 6987 , 189 , 196 ) ; 
INSERT INTO Etablissement  VALUE (190 , 'condorcet' , 'Londres' , 295 , 190 , 146 ) ; 
INSERT INTO Etablissement  VALUE (191 , 'saint Marie' , 'New York' , 2630 , 191 , 137 ) ; 
INSERT INTO Etablissement  VALUE (192 , 'saint Marie' , 'Londres' , 7349 , 192 , 81 ) ; 
INSERT INTO Etablissement  VALUE (193 , 'condorcet' , 'Tokyo' , 79 , 193 , 116 ) ; 
INSERT INTO Etablissement  VALUE (194 , 'saint Marie' , 'New York' , 6459 , 194 , 33 ) ; 
INSERT INTO Etablissement  VALUE (195 , 'sophie germain' , 'Paris' , 2158 , 195 , 121 ) ; 
INSERT INTO Etablissement  VALUE (196 , 'Watari' , 'New York' , 8171 , 196 , 53 ) ; 
INSERT INTO Etablissement  VALUE (197 , 'dragonTower' , 'Tokyo' , 5271 , 197 , 141 ) ; 
INSERT INTO Etablissement  VALUE (198 , 'saint-louis' , 'Paris' , 7651 , 198 , 190 ) ; 
INSERT INTO Etablissement  VALUE (199 , 'saint Marie' , 'Hong Kong' , 7304 , 199 , 193 ) ; 
INSERT INTO Etablissement  VALUE (200 , 'condorcet' , 'Tokyo' , 7503 , 200 , 138 ) ; 
INSERT INTO Etablissement  VALUE (201 , 'sophie germain' , 'Londres' , 5830 , 201 , 102 ) ; 
INSERT INTO Etablissement  VALUE (202 , 'sophie germain' , 'Hong Kong' , 4670 , 202 , 162 ) ; 
INSERT INTO Etablissement  VALUE (203 , 'sophie germain' , 'Hong Kong' , 9810 , 203 , 77 ) ; 
INSERT INTO Etablissement  VALUE (204 , 'sophie germain' , 'New York' , 5840 , 204 , 144 ) ; 
INSERT INTO Etablissement  VALUE (205 , 'saint-louis' , 'Londres' , 435 , 205 , 172 ) ; 
INSERT INTO Etablissement  VALUE (206 , 'condorcet' , 'Londres' , 8264 , 206 , 94 ) ; 
INSERT INTO Etablissement  VALUE (207 , 'sophie germain' , 'Tokyo' , 9275 , 207 , 178 ) ; 
INSERT INTO Etablissement  VALUE (208 , 'saint Marie' , 'Londres' , 5407 , 208 , 80 ) ; 
INSERT INTO Etablissement  VALUE (209 , 'saint Marie' , 'New York' , 4406 , 209 , 150 ) ; 
INSERT INTO Etablissement  VALUE (210 , 'Watari' , 'Londres' , 9341 , 210 , 198 ) ; 
INSERT INTO Etablissement  VALUE (211 , 'Watari' , 'Paris' , 7675 , 211 , 193 ) ; 
INSERT INTO Etablissement  VALUE (212 , 'dragonTower' , 'Londres' , 4296 , 212 , 66 ) ; 
INSERT INTO Etablissement  VALUE (213 , 'saint Marie' , 'Hong Kong' , 8768 , 213 , 27 ) ; 
INSERT INTO Etablissement  VALUE (214 , 'Watari' , 'Tokyo' , 8284 , 214 , 135 ) ; 
INSERT INTO Etablissement  VALUE (215 , 'sophie germain' , 'New York' , 4241 , 215 , 57 ) ; 
INSERT INTO Etablissement  VALUE (216 , 'saint-louis' , 'Londres' , 2210 , 216 , 12 ) ; 
INSERT INTO Etablissement  VALUE (217 , 'condorcet' , 'Hong Kong' , 2182 , 217 , 145 ) ; 
INSERT INTO Etablissement  VALUE (218 , 'saint Marie' , 'Paris' , 8376 , 218 , 5 ) ; 
INSERT INTO Etablissement  VALUE (219 , 'condorcet' , 'New York' , 5677 , 219 , 139 ) ; 
INSERT INTO Etablissement  VALUE (220 , 'dragonTower' , 'Hong Kong' , 2809 , 220 , 151 ) ; 
INSERT INTO Etablissement  VALUE (221 , 'condorcet' , 'Tokyo' , 717 , 221 , 39 ) ; 
INSERT INTO Etablissement  VALUE (222 , 'dragonTower' , 'Tokyo' , 8312 , 222 , 60 ) ; 
INSERT INTO Etablissement  VALUE (223 , 'dragonTower' , 'Londres' , 6745 , 223 , 159 ) ; 
INSERT INTO Etablissement  VALUE (224 , 'sophie germain' , 'Londres' , 7654 , 224 , 141 ) ; 
INSERT INTO Etablissement  VALUE (225 , 'sophie germain' , 'Hong Kong' , 477 , 225 , 69 ) ; 
INSERT INTO Etablissement  VALUE (226 , 'condorcet' , 'Hong Kong' , 8825 , 226 , 21 ) ; 
INSERT INTO Etablissement  VALUE (227 , 'Watari' , 'New York' , 6185 , 227 , 161 ) ; 
INSERT INTO Etablissement  VALUE (228 , 'saint Marie' , 'New York' , 6753 , 228 , 35 ) ; 
INSERT INTO Etablissement  VALUE (229 , 'saint Marie' , 'Londres' , 8083 , 229 , 145 ) ; 
INSERT INTO Etablissement  VALUE (230 , 'Watari' , 'Tokyo' , 8409 , 230 , 111 ) ; 
INSERT INTO Etablissement  VALUE (231 , 'saint-louis' , 'Paris' , 3002 , 231 , 7 ) ; 
INSERT INTO Etablissement  VALUE (232 , 'saint Marie' , 'Tokyo' , 712 , 232 , 3 ) ; 
INSERT INTO Etablissement  VALUE (233 , 'condorcet' , 'Hong Kong' , 4000 , 233 , 32 ) ; 
INSERT INTO Etablissement  VALUE (234 , 'condorcet' , 'Paris' , 3142 , 234 , 106 ) ; 
INSERT INTO Etablissement  VALUE (235 , 'saint Marie' , 'Paris' , 8089 , 235 , 128 ) ; 
INSERT INTO Etablissement  VALUE (236 , 'saint Marie' , 'Paris' , 9484 , 236 , 124 ) ; 
INSERT INTO Etablissement  VALUE (237 , 'Watari' , 'Paris' , 3720 , 237 , 153 ) ; 
INSERT INTO Etablissement  VALUE (238 , 'saint Marie' , 'New York' , 5610 , 238 , 92 ) ; 
INSERT INTO Etablissement  VALUE (239 , 'sophie germain' , 'Paris' , 6217 , 239 , 193 ) ; 
INSERT INTO Etablissement  VALUE (240 , 'dragonTower' , 'Tokyo' , 2720 , 240 , 145 ) ; 
INSERT INTO Etablissement  VALUE (241 , 'sophie germain' , 'New York' , 1797 , 241 , 169 ) ; 
INSERT INTO Etablissement  VALUE (242 , 'sophie germain' , 'Londres' , 7941 , 242 , 39 ) ; 
INSERT INTO Etablissement  VALUE (243 , 'dragonTower' , 'New York' , 3366 , 243 , 36 ) ; 
INSERT INTO Etablissement  VALUE (244 , 'saint Marie' , 'Paris' , 6725 , 244 , 95 ) ; 
INSERT INTO Etablissement  VALUE (245 , 'dragonTower' , 'Londres' , 3731 , 245 , 57 ) ; 
INSERT INTO Etablissement  VALUE (246 , 'condorcet' , 'Hong Kong' , 3929 , 246 , 90 ) ; 
INSERT INTO Etablissement  VALUE (247 , 'condorcet' , 'Tokyo' , 4411 , 247 , 104 ) ; 
INSERT INTO Etablissement  VALUE (248 , 'saint Marie' , 'Hong Kong' , 3013 , 248 , 65 ) ; 
INSERT INTO Etablissement  VALUE (249 , 'condorcet' , 'Paris' , 702 , 249 , 173 ) ; 
INSERT INTO Etablissement  VALUE (250 , 'condorcet' , 'Hong Kong' , 5264 , 250 , 60 ) ; 
INSERT INTO Etablissement  VALUE (251 , 'Watari' , 'Tokyo' , 6159 , 251 , 159 ) ; 
INSERT INTO Etablissement  VALUE (252 , 'Watari' , 'Tokyo' , 3458 , 252 , 58 ) ; 
INSERT INTO Etablissement  VALUE (253 , 'sophie germain' , 'New York' , 2164 , 253 , 199 ) ; 
INSERT INTO Etablissement  VALUE (254 , 'dragonTower' , 'Paris' , 6870 , 254 , 49 ) ; 
INSERT INTO Etablissement  VALUE (255 , 'sophie germain' , 'Hong Kong' , 740 , 255 , 102 ) ; 
INSERT INTO Etablissement  VALUE (256 , 'condorcet' , 'Hong Kong' , 7060 , 256 , 189 ) ; 
INSERT INTO Etablissement  VALUE (257 , 'saint Marie' , 'Londres' , 1279 , 257 , 87 ) ; 
INSERT INTO Etablissement  VALUE (258 , 'saint Marie' , 'Londres' , 6333 , 258 , 69 ) ; 
INSERT INTO Etablissement  VALUE (259 , 'Watari' , 'Tokyo' , 4345 , 259 , 51 ) ; 
INSERT INTO Etablissement  VALUE (260 , 'dragonTower' , 'Paris' , 3300 , 260 , 163 ) ; 
INSERT INTO Etablissement  VALUE (261 , 'saint-louis' , 'Londres' , 8213 , 261 , 83 ) ; 
INSERT INTO Etablissement  VALUE (262 , 'saint Marie' , 'New York' , 2440 , 262 , 185 ) ; 
INSERT INTO Etablissement  VALUE (263 , 'sophie germain' , 'Hong Kong' , 6319 , 263 , 147 ) ; 
INSERT INTO Etablissement  VALUE (264 , 'saint Marie' , 'Paris' , 7100 , 264 , 105 ) ; 
INSERT INTO Etablissement  VALUE (265 , 'condorcet' , 'Paris' , 6274 , 265 , 145 ) ; 
INSERT INTO Etablissement  VALUE (266 , 'dragonTower' , 'Hong Kong' , 7814 , 266 , 67 ) ; 
INSERT INTO Etablissement  VALUE (267 , 'dragonTower' , 'Hong Kong' , 3607 , 267 , 199 ) ; 
INSERT INTO Etablissement  VALUE (268 , 'saint-louis' , 'Londres' , 391 , 268 , 58 ) ; 
INSERT INTO Etablissement  VALUE (269 , 'sophie germain' , 'New York' , 5911 , 269 , 44 ) ; 
INSERT INTO Etablissement  VALUE (270 , 'condorcet' , 'Tokyo' , 655 , 270 , 60 ) ; 
INSERT INTO Etablissement  VALUE (271 , 'Watari' , 'Londres' , 5545 , 271 , 75 ) ; 
INSERT INTO Etablissement  VALUE (272 , 'sophie germain' , 'New York' , 5273 , 272 , 47 ) ; 
INSERT INTO Etablissement  VALUE (273 , 'condorcet' , 'Hong Kong' , 1558 , 273 , 58 ) ; 
INSERT INTO Etablissement  VALUE (274 , 'dragonTower' , 'Hong Kong' , 575 , 274 , 58 ) ; 
INSERT INTO Etablissement  VALUE (275 , 'condorcet' , 'Hong Kong' , 4010 , 275 , 122 ) ; 
INSERT INTO Etablissement  VALUE (276 , 'Watari' , 'Paris' , 3782 , 276 , 198 ) ; 
INSERT INTO Etablissement  VALUE (277 , 'dragonTower' , 'New York' , 6332 , 277 , 154 ) ; 
INSERT INTO Etablissement  VALUE (278 , 'Watari' , 'Londres' , 3549 , 278 , 103 ) ; 
INSERT INTO Etablissement  VALUE (279 , 'dragonTower' , 'Hong Kong' , 3917 , 279 , 128 ) ; 
INSERT INTO Etablissement  VALUE (280 , 'condorcet' , 'Tokyo' , 9258 , 280 , 29 ) ; 
INSERT INTO Etablissement  VALUE (281 , 'saint-louis' , 'Londres' , 9580 , 281 , 155 ) ; 
INSERT INTO Etablissement  VALUE (282 , 'saint Marie' , 'Hong Kong' , 948 , 282 , 188 ) ; 
INSERT INTO Etablissement  VALUE (283 , 'saint-louis' , 'Londres' , 9069 , 283 , 124 ) ; 
INSERT INTO Etablissement  VALUE (284 , 'Watari' , 'Londres' , 4314 , 284 , 0 ) ; 
INSERT INTO Etablissement  VALUE (285 , 'saint-louis' , 'New York' , 2282 , 285 , 196 ) ; 
INSERT INTO Etablissement  VALUE (286 , 'sophie germain' , 'Tokyo' , 7689 , 286 , 178 ) ; 
INSERT INTO Etablissement  VALUE (287 , 'saint-louis' , 'Londres' , 8359 , 287 , 124 ) ; 
INSERT INTO Etablissement  VALUE (288 , 'Watari' , 'Paris' , 407 , 288 , 25 ) ; 
INSERT INTO Etablissement  VALUE (289 , 'saint-louis' , 'Londres' , 5306 , 289 , 172 ) ; 
INSERT INTO Etablissement  VALUE (290 , 'saint Marie' , 'Hong Kong' , 4484 , 290 , 145 ) ; 
INSERT INTO Etablissement  VALUE (291 , 'sophie germain' , 'Paris' , 7324 , 291 , 97 ) ; 
INSERT INTO Etablissement  VALUE (292 , 'sophie germain' , 'Hong Kong' , 4009 , 292 , 54 ) ; 
INSERT INTO Etablissement  VALUE (293 , 'condorcet' , 'Londres' , 5504 , 293 , 70 ) ; 
INSERT INTO Etablissement  VALUE (294 , 'dragonTower' , 'Londres' , 9180 , 294 , 8 ) ; 
INSERT INTO Etablissement  VALUE (295 , 'condorcet' , 'New York' , 46 , 295 , 90 ) ; 
INSERT INTO Etablissement  VALUE (296 , 'saint-louis' , 'New York' , 4380 , 296 , 6 ) ; 
INSERT INTO Etablissement  VALUE (297 , 'saint Marie' , 'Tokyo' , 4675 , 297 , 91 ) ; 
INSERT INTO Etablissement  VALUE (298 , 'sophie germain' , 'Londres' , 2218 , 298 , 1 ) ; 
INSERT INTO Etablissement  VALUE (299 , 'sophie germain' , 'New York' , 6411 , 299 , 173 ) ; 


INSERT INTO  Magasin  VALUE  (0 , 'technologie'); 
INSERT INTO  Magasin  VALUE  (1 , 'bricolage'); 
INSERT INTO  Magasin  VALUE  (2 , 'jouetclub'); 
INSERT INTO  Magasin  VALUE  (3 , 'technologie'); 
INSERT INTO  Magasin  VALUE  (4 , 'bricolage'); 
INSERT INTO  Magasin  VALUE  (5 , 'jouetclub'); 
INSERT INTO  Magasin  VALUE  (6 , 'jouetclub'); 
INSERT INTO  Magasin  VALUE  (7 , 'artillerie'); 
INSERT INTO  Magasin  VALUE  (8 , 'bricolage'); 
INSERT INTO  Magasin  VALUE  (9 , 'alimentation'); 
INSERT INTO  Magasin  VALUE  (10 , 'bricolage'); 
INSERT INTO  Magasin  VALUE  (11 , 'artillerie'); 
INSERT INTO  Magasin  VALUE  (12 , 'alimentation'); 
INSERT INTO  Magasin  VALUE  (13 , 'technologie'); 
INSERT INTO  Magasin  VALUE  (14 , 'technologie'); 
INSERT INTO  Magasin  VALUE  (15 , 'jouetclub'); 
INSERT INTO  Magasin  VALUE  (16 , 'alimentation'); 
INSERT INTO  Magasin  VALUE  (17 , 'bricolage'); 
INSERT INTO  Magasin  VALUE  (18 , 'alimentation'); 
INSERT INTO  Magasin  VALUE  (19 , 'bricolage'); 
INSERT INTO  Magasin  VALUE  (20 , 'bricolage'); 
INSERT INTO  Magasin  VALUE  (21 , 'bricolage'); 
INSERT INTO  Magasin  VALUE  (22 , 'alimentation'); 
INSERT INTO  Magasin  VALUE  (23 , 'bricolage'); 
INSERT INTO  Magasin  VALUE  (24 , 'jouetclub'); 
INSERT INTO  Magasin  VALUE  (25 , 'artillerie'); 
INSERT INTO  Magasin  VALUE  (26 , 'technologie'); 
INSERT INTO  Magasin  VALUE  (27 , 'alimentation'); 
INSERT INTO  Magasin  VALUE  (28 , 'jouetclub'); 
INSERT INTO  Magasin  VALUE  (29 , 'artillerie'); 
INSERT INTO  Magasin  VALUE  (30 , 'technologie'); 
INSERT INTO  Magasin  VALUE  (31 , 'bricolage'); 
INSERT INTO  Magasin  VALUE  (32 , 'alimentation'); 
INSERT INTO  Magasin  VALUE  (33 , 'jouetclub'); 
INSERT INTO  Magasin  VALUE  (34 , 'technologie'); 
INSERT INTO  Magasin  VALUE  (35 , 'jouetclub'); 
INSERT INTO  Magasin  VALUE  (36 , 'artillerie'); 
INSERT INTO  Magasin  VALUE  (37 , 'jouetclub'); 
INSERT INTO  Magasin  VALUE  (38 , 'jouetclub'); 
INSERT INTO  Magasin  VALUE  (39 , 'jouetclub'); 
INSERT INTO  Magasin  VALUE  (40 , 'jouetclub'); 
INSERT INTO  Magasin  VALUE  (41 , 'bricolage'); 
INSERT INTO  Magasin  VALUE  (42 , 'artillerie'); 
INSERT INTO  Magasin  VALUE  (43 , 'technologie'); 
INSERT INTO  Magasin  VALUE  (44 , 'jouetclub'); 
INSERT INTO  Magasin  VALUE  (45 , 'artillerie'); 
INSERT INTO  Magasin  VALUE  (46 , 'alimentation'); 
INSERT INTO  Magasin  VALUE  (47 , 'technologie'); 
INSERT INTO  Magasin  VALUE  (48 , 'jouetclub'); 
INSERT INTO  Magasin  VALUE  (49 , 'alimentation'); 
INSERT INTO  Magasin  VALUE  (50 , 'jouetclub'); 
INSERT INTO  Magasin  VALUE  (51 , 'jouetclub'); 
INSERT INTO  Magasin  VALUE  (52 , 'bricolage'); 
INSERT INTO  Magasin  VALUE  (53 , 'jouetclub'); 
INSERT INTO  Magasin  VALUE  (54 , 'bricolage'); 
INSERT INTO  Magasin  VALUE  (55 , 'technologie'); 
INSERT INTO  Magasin  VALUE  (56 , 'artillerie'); 
INSERT INTO  Magasin  VALUE  (57 , 'alimentation'); 
INSERT INTO  Magasin  VALUE  (58 , 'jouetclub'); 
INSERT INTO  Magasin  VALUE  (59 , 'artillerie'); 
INSERT INTO  Magasin  VALUE  (60 , 'alimentation'); 
INSERT INTO  Magasin  VALUE  (61 , 'bricolage'); 
INSERT INTO  Magasin  VALUE  (62 , 'alimentation'); 
INSERT INTO  Magasin  VALUE  (63 , 'bricolage'); 
INSERT INTO  Magasin  VALUE  (64 , 'technologie'); 
INSERT INTO  Magasin  VALUE  (65 , 'technologie'); 
INSERT INTO  Magasin  VALUE  (66 , 'artillerie'); 
INSERT INTO  Magasin  VALUE  (67 , 'technologie'); 
INSERT INTO  Magasin  VALUE  (68 , 'technologie'); 
INSERT INTO  Magasin  VALUE  (69 , 'bricolage'); 
INSERT INTO  Magasin  VALUE  (70 , 'bricolage'); 
INSERT INTO  Magasin  VALUE  (71 , 'technologie'); 
INSERT INTO  Magasin  VALUE  (72 , 'technologie'); 
INSERT INTO  Magasin  VALUE  (73 , 'artillerie'); 
INSERT INTO  Magasin  VALUE  (74 , 'jouetclub'); 
INSERT INTO  Magasin  VALUE  (75 , 'alimentation'); 
INSERT INTO  Magasin  VALUE  (76 , 'bricolage'); 
INSERT INTO  Magasin  VALUE  (77 , 'alimentation'); 
INSERT INTO  Magasin  VALUE  (78 , 'artillerie'); 
INSERT INTO  Magasin  VALUE  (79 , 'jouetclub'); 
INSERT INTO  Magasin  VALUE  (80 , 'technologie'); 
INSERT INTO  Magasin  VALUE  (81 , 'jouetclub'); 
INSERT INTO  Magasin  VALUE  (82 , 'jouetclub'); 
INSERT INTO  Magasin  VALUE  (83 , 'technologie'); 
INSERT INTO  Magasin  VALUE  (84 , 'bricolage'); 
INSERT INTO  Magasin  VALUE  (85 , 'technologie'); 
INSERT INTO  Magasin  VALUE  (86 , 'alimentation'); 
INSERT INTO  Magasin  VALUE  (87 , 'technologie'); 
INSERT INTO  Magasin  VALUE  (88 , 'alimentation'); 
INSERT INTO  Magasin  VALUE  (89 , 'alimentation'); 
INSERT INTO  Magasin  VALUE  (90 , 'alimentation'); 
INSERT INTO  Magasin  VALUE  (91 , 'artillerie'); 
INSERT INTO  Magasin  VALUE  (92 , 'artillerie'); 
INSERT INTO  Magasin  VALUE  (93 , 'alimentation'); 
INSERT INTO  Magasin  VALUE  (94 , 'jouetclub'); 
INSERT INTO  Magasin  VALUE  (95 , 'technologie'); 
INSERT INTO  Magasin  VALUE  (96 , 'jouetclub'); 
INSERT INTO  Magasin  VALUE  (97 , 'technologie'); 
INSERT INTO  Magasin  VALUE  (98 , 'bricolage'); 
INSERT INTO  Magasin  VALUE  (99 , 'artillerie'); 


INSERT INTO  Hotel  VALUE  (100 , 1); 
INSERT INTO  Hotel  VALUE  (101 , 4); 
INSERT INTO  Hotel  VALUE  (102 , 0); 
INSERT INTO  Hotel  VALUE  (103 , 3); 
INSERT INTO  Hotel  VALUE  (104 , 0); 
INSERT INTO  Hotel  VALUE  (105 , 1); 
INSERT INTO  Hotel  VALUE  (106 , 3); 
INSERT INTO  Hotel  VALUE  (107 , 0); 
INSERT INTO  Hotel  VALUE  (108 , 5); 
INSERT INTO  Hotel  VALUE  (109 , 4); 
INSERT INTO  Hotel  VALUE  (110 , 5); 
INSERT INTO  Hotel  VALUE  (111 , 3); 
INSERT INTO  Hotel  VALUE  (112 , 4); 
INSERT INTO  Hotel  VALUE  (113 , 0); 
INSERT INTO  Hotel  VALUE  (114 , 4); 
INSERT INTO  Hotel  VALUE  (115 , 0); 
INSERT INTO  Hotel  VALUE  (116 , 5); 
INSERT INTO  Hotel  VALUE  (117 , 0); 
INSERT INTO  Hotel  VALUE  (118 , 2); 
INSERT INTO  Hotel  VALUE  (119 , 1); 
INSERT INTO  Hotel  VALUE  (120 , 1); 
INSERT INTO  Hotel  VALUE  (121 , 2); 
INSERT INTO  Hotel  VALUE  (122 , 4); 
INSERT INTO  Hotel  VALUE  (123 , 4); 
INSERT INTO  Hotel  VALUE  (124 , 1); 
INSERT INTO  Hotel  VALUE  (125 , 4); 
INSERT INTO  Hotel  VALUE  (126 , 0); 
INSERT INTO  Hotel  VALUE  (127 , 4); 
INSERT INTO  Hotel  VALUE  (128 , 0); 
INSERT INTO  Hotel  VALUE  (129 , 3); 
INSERT INTO  Hotel  VALUE  (130 , 0); 
INSERT INTO  Hotel  VALUE  (131 , 3); 
INSERT INTO  Hotel  VALUE  (132 , 2); 
INSERT INTO  Hotel  VALUE  (133 , 1); 
INSERT INTO  Hotel  VALUE  (134 , 5); 
INSERT INTO  Hotel  VALUE  (135 , 5); 
INSERT INTO  Hotel  VALUE  (136 , 1); 
INSERT INTO  Hotel  VALUE  (137 , 5); 
INSERT INTO  Hotel  VALUE  (138 , 2); 
INSERT INTO  Hotel  VALUE  (139 , 5); 
INSERT INTO  Hotel  VALUE  (140 , 4); 
INSERT INTO  Hotel  VALUE  (141 , 0); 
INSERT INTO  Hotel  VALUE  (142 , 3); 
INSERT INTO  Hotel  VALUE  (143 , 4); 
INSERT INTO  Hotel  VALUE  (144 , 4); 
INSERT INTO  Hotel  VALUE  (145 , 0); 
INSERT INTO  Hotel  VALUE  (146 , 0); 
INSERT INTO  Hotel  VALUE  (147 , 3); 
INSERT INTO  Hotel  VALUE  (148 , 1); 
INSERT INTO  Hotel  VALUE  (149 , 4); 
INSERT INTO  Hotel  VALUE  (150 , 0); 
INSERT INTO  Hotel  VALUE  (151 , 1); 
INSERT INTO  Hotel  VALUE  (152 , 0); 
INSERT INTO  Hotel  VALUE  (153 , 5); 
INSERT INTO  Hotel  VALUE  (154 , 4); 
INSERT INTO  Hotel  VALUE  (155 , 5); 
INSERT INTO  Hotel  VALUE  (156 , 4); 
INSERT INTO  Hotel  VALUE  (157 , 5); 
INSERT INTO  Hotel  VALUE  (158 , 3); 
INSERT INTO  Hotel  VALUE  (159 , 5); 
INSERT INTO  Hotel  VALUE  (160 , 3); 
INSERT INTO  Hotel  VALUE  (161 , 4); 
INSERT INTO  Hotel  VALUE  (162 , 3); 
INSERT INTO  Hotel  VALUE  (163 , 3); 
INSERT INTO  Hotel  VALUE  (164 , 5); 
INSERT INTO  Hotel  VALUE  (165 , 3); 
INSERT INTO  Hotel  VALUE  (166 , 5); 
INSERT INTO  Hotel  VALUE  (167 , 2); 
INSERT INTO  Hotel  VALUE  (168 , 1); 
INSERT INTO  Hotel  VALUE  (169 , 4); 
INSERT INTO  Hotel  VALUE  (170 , 2); 
INSERT INTO  Hotel  VALUE  (171 , 1); 
INSERT INTO  Hotel  VALUE  (172 , 3); 
INSERT INTO  Hotel  VALUE  (173 , 2); 
INSERT INTO  Hotel  VALUE  (174 , 5); 
INSERT INTO  Hotel  VALUE  (175 , 1); 
INSERT INTO  Hotel  VALUE  (176 , 4); 
INSERT INTO  Hotel  VALUE  (177 , 3); 
INSERT INTO  Hotel  VALUE  (178 , 1); 
INSERT INTO  Hotel  VALUE  (179 , 0); 
INSERT INTO  Hotel  VALUE  (180 , 1); 
INSERT INTO  Hotel  VALUE  (181 , 1); 
INSERT INTO  Hotel  VALUE  (182 , 3); 
INSERT INTO  Hotel  VALUE  (183 , 4); 
INSERT INTO  Hotel  VALUE  (184 , 2); 
INSERT INTO  Hotel  VALUE  (185 , 3); 
INSERT INTO  Hotel  VALUE  (186 , 4); 
INSERT INTO  Hotel  VALUE  (187 , 3); 
INSERT INTO  Hotel  VALUE  (188 , 5); 
INSERT INTO  Hotel  VALUE  (189 , 5); 
INSERT INTO  Hotel  VALUE  (190 , 2); 
INSERT INTO  Hotel  VALUE  (191 , 3); 
INSERT INTO  Hotel  VALUE  (192 , 1); 
INSERT INTO  Hotel  VALUE  (193 , 5); 
INSERT INTO  Hotel  VALUE  (194 , 0); 
INSERT INTO  Hotel  VALUE  (195 , 2); 
INSERT INTO  Hotel  VALUE  (196 , 3); 
INSERT INTO  Hotel  VALUE  (197 , 2); 
INSERT INTO  Hotel  VALUE  (198 , 5); 
INSERT INTO  Hotel  VALUE  (199 , 0); 


INSERT INTO  Restaurant  VALUE  (200 , 0,'italienne'); 
INSERT INTO  Restaurant  VALUE  (201 , 3,'chinoise'); 
INSERT INTO  Restaurant  VALUE  (202 , 1,'coreen'); 
INSERT INTO  Restaurant  VALUE  (203 , 5,'francaise'); 
INSERT INTO  Restaurant  VALUE  (204 , 4,'francaise'); 
INSERT INTO  Restaurant  VALUE  (205 , 2,'italienne'); 
INSERT INTO  Restaurant  VALUE  (206 , 1,'Latine'); 
INSERT INTO  Restaurant  VALUE  (207 , 4,'japonaise'); 
INSERT INTO  Restaurant  VALUE  (208 , 3,'espagnole'); 
INSERT INTO  Restaurant  VALUE  (209 , 2,'Latine'); 
INSERT INTO  Restaurant  VALUE  (210 , 5,'italienne'); 
INSERT INTO  Restaurant  VALUE  (211 , 3,'Latine'); 
INSERT INTO  Restaurant  VALUE  (212 , 0,'espagnole'); 
INSERT INTO  Restaurant  VALUE  (213 , 3,'espagnole'); 
INSERT INTO  Restaurant  VALUE  (214 , 0,'francaise'); 
INSERT INTO  Restaurant  VALUE  (215 , 5,'japonaise'); 
INSERT INTO  Restaurant  VALUE  (216 , 0,'chinoise'); 
INSERT INTO  Restaurant  VALUE  (217 , 2,'coreen'); 
INSERT INTO  Restaurant  VALUE  (218 , 2,'francaise'); 
INSERT INTO  Restaurant  VALUE  (219 , 1,'chinoise'); 
INSERT INTO  Restaurant  VALUE  (220 , 3,'coreen'); 
INSERT INTO  Restaurant  VALUE  (221 , 0,'espagnole'); 
INSERT INTO  Restaurant  VALUE  (222 , 2,'espagnole'); 
INSERT INTO  Restaurant  VALUE  (223 , 1,'espagnole'); 
INSERT INTO  Restaurant  VALUE  (224 , 2,'francaise'); 
INSERT INTO  Restaurant  VALUE  (225 , 3,'Latine'); 
INSERT INTO  Restaurant  VALUE  (226 , 2,'espagnole'); 
INSERT INTO  Restaurant  VALUE  (227 , 1,'japonaise'); 
INSERT INTO  Restaurant  VALUE  (228 , 5,'francaise'); 
INSERT INTO  Restaurant  VALUE  (229 , 3,'italienne'); 
INSERT INTO  Restaurant  VALUE  (230 , 3,'chinoise'); 
INSERT INTO  Restaurant  VALUE  (231 , 0,'espagnole'); 
INSERT INTO  Restaurant  VALUE  (232 , 3,'coreen'); 
INSERT INTO  Restaurant  VALUE  (233 , 4,'japonaise'); 
INSERT INTO  Restaurant  VALUE  (234 , 2,'Latine'); 
INSERT INTO  Restaurant  VALUE  (235 , 4,'chinoise'); 
INSERT INTO  Restaurant  VALUE  (236 , 1,'francaise'); 
INSERT INTO  Restaurant  VALUE  (237 , 4,'coreen'); 
INSERT INTO  Restaurant  VALUE  (238 , 2,'espagnole'); 
INSERT INTO  Restaurant  VALUE  (239 , 0,'japonaise'); 
INSERT INTO  Restaurant  VALUE  (240 , 4,'espagnole'); 
INSERT INTO  Restaurant  VALUE  (241 , 5,'coreen'); 
INSERT INTO  Restaurant  VALUE  (242 , 1,'japonaise'); 
INSERT INTO  Restaurant  VALUE  (243 , 4,'coreen'); 
INSERT INTO  Restaurant  VALUE  (244 , 5,'Latine'); 
INSERT INTO  Restaurant  VALUE  (245 , 1,'coreen'); 
INSERT INTO  Restaurant  VALUE  (246 , 4,'Latine'); 
INSERT INTO  Restaurant  VALUE  (247 , 5,'coreen'); 
INSERT INTO  Restaurant  VALUE  (248 , 4,'italienne'); 
INSERT INTO  Restaurant  VALUE  (249 , 2,'francaise'); 
INSERT INTO  Restaurant  VALUE  (250 , 3,'italienne'); 
INSERT INTO  Restaurant  VALUE  (251 , 1,'coreen'); 
INSERT INTO  Restaurant  VALUE  (252 , 2,'espagnole'); 
INSERT INTO  Restaurant  VALUE  (253 , 4,'espagnole'); 
INSERT INTO  Restaurant  VALUE  (254 , 5,'japonaise'); 
INSERT INTO  Restaurant  VALUE  (255 , 0,'Latine'); 
INSERT INTO  Restaurant  VALUE  (256 , 2,'japonaise'); 
INSERT INTO  Restaurant  VALUE  (257 , 1,'coreen'); 
INSERT INTO  Restaurant  VALUE  (258 , 0,'chinoise'); 
INSERT INTO  Restaurant  VALUE  (259 , 1,'espagnole'); 
INSERT INTO  Restaurant  VALUE  (260 , 1,'italienne'); 
INSERT INTO  Restaurant  VALUE  (261 , 2,'japonaise'); 
INSERT INTO  Restaurant  VALUE  (262 , 0,'italienne'); 
INSERT INTO  Restaurant  VALUE  (263 , 2,'espagnole'); 
INSERT INTO  Restaurant  VALUE  (264 , 1,'chinoise'); 
INSERT INTO  Restaurant  VALUE  (265 , 0,'espagnole'); 
INSERT INTO  Restaurant  VALUE  (266 , 1,'chinoise'); 
INSERT INTO  Restaurant  VALUE  (267 , 5,'Latine'); 
INSERT INTO  Restaurant  VALUE  (268 , 4,'japonaise'); 
INSERT INTO  Restaurant  VALUE  (269 , 0,'Latine'); 
INSERT INTO  Restaurant  VALUE  (270 , 0,'francaise'); 
INSERT INTO  Restaurant  VALUE  (271 , 1,'japonaise'); 
INSERT INTO  Restaurant  VALUE  (272 , 2,'coreen'); 
INSERT INTO  Restaurant  VALUE  (273 , 3,'francaise'); 
INSERT INTO  Restaurant  VALUE  (274 , 5,'espagnole'); 
INSERT INTO  Restaurant  VALUE  (275 , 5,'chinoise'); 
INSERT INTO  Restaurant  VALUE  (276 , 5,'japonaise'); 
INSERT INTO  Restaurant  VALUE  (277 , 0,'chinoise'); 
INSERT INTO  Restaurant  VALUE  (278 , 3,'japonaise'); 
INSERT INTO  Restaurant  VALUE  (279 , 3,'espagnole'); 
INSERT INTO  Restaurant  VALUE  (280 , 4,'japonaise'); 
INSERT INTO  Restaurant  VALUE  (281 , 4,'japonaise'); 
INSERT INTO  Restaurant  VALUE  (282 , 0,'espagnole'); 
INSERT INTO  Restaurant  VALUE  (283 , 4,'francaise'); 
INSERT INTO  Restaurant  VALUE  (284 , 1,'Latine'); 
INSERT INTO  Restaurant  VALUE  (285 , 2,'coreen'); 
INSERT INTO  Restaurant  VALUE  (286 , 2,'espagnole'); 
INSERT INTO  Restaurant  VALUE  (287 , 1,'francaise'); 
INSERT INTO  Restaurant  VALUE  (288 , 4,'japonaise'); 
INSERT INTO  Restaurant  VALUE  (289 , 2,'chinoise'); 
INSERT INTO  Restaurant  VALUE  (290 , 1,'italienne'); 
INSERT INTO  Restaurant  VALUE  (291 , 2,'Latine'); 
INSERT INTO  Restaurant  VALUE  (292 , 2,'coreen'); 
INSERT INTO  Restaurant  VALUE  (293 , 5,'francaise'); 
INSERT INTO  Restaurant  VALUE  (294 , 2,'Latine'); 
INSERT INTO  Restaurant  VALUE  (295 , 3,'francaise'); 
INSERT INTO  Restaurant  VALUE  (296 , 3,'chinoise'); 
INSERT INTO  Restaurant  VALUE  (297 , 4,'Latine'); 
INSERT INTO  Restaurant  VALUE  (298 , 0,'italienne'); 
INSERT INTO  Restaurant  VALUE  (299 , 5,'coreen'); 


INSERT INTO  Promotion  VALUE  (0 , '2043-12-18' , '2046-12-18' , 'archi nul' ) ; 
INSERT INTO  Promotion  VALUE  (1 , '2037-7-15' , '2040-7-15' , 'moyen passable' ) ; 
INSERT INTO  Promotion  VALUE  (2 , '2032-5-26' , '2035-5-26' , 'moyen passable' ) ; 
INSERT INTO  Promotion  VALUE  (3 , '2033-2-30' , '2036-2-30' , 'pas mal du tout' ) ; 
INSERT INTO  Promotion  VALUE  (4 , '2001-6-15' , '2004-6-15' , 'pas mal du tout' ) ; 
INSERT INTO  Promotion  VALUE  (5 , '2000-3-17' , '2003-3-17' , 'Bonne qualite' ) ; 
INSERT INTO  Promotion  VALUE  (6 , '2025-1-27' , '2028-1-27' , 'pas mal du tout' ) ; 
INSERT INTO  Promotion  VALUE  (7 , '2007-3-6' , '2010-3-6' , 'moyen passable' ) ; 
INSERT INTO  Promotion  VALUE  (8 , '2012-5-21' , '2015-5-21' , 'archi nul' ) ; 
INSERT INTO  Promotion  VALUE  (9 , '2043-4-18' , '2046-4-18' , 'archi nul' ) ; 
INSERT INTO  Promotion  VALUE  (10 , '2016-9-5' , '2019-9-5' , 'Bonne qualite' ) ; 
INSERT INTO  Promotion  VALUE  (11 , '2036-4-25' , '2039-4-25' , 'archi nul' ) ; 
INSERT INTO  Promotion  VALUE  (12 , '2045-12-8' , '2048-12-8' , 'archi nul' ) ; 
INSERT INTO  Promotion  VALUE  (13 , '2013-6-14' , '2016-6-14' , 'moyen passable' ) ; 
INSERT INTO  Promotion  VALUE  (14 , '2030-5-30' , '2033-5-30' , 'archi nul' ) ; 
INSERT INTO  Promotion  VALUE  (15 , '2031-11-24' , '2034-11-24' , 'Bonne qualite' ) ; 
INSERT INTO  Promotion  VALUE  (16 , '2003-12-12' , '2006-12-12' , 'Bonne qualite' ) ; 
INSERT INTO  Promotion  VALUE  (17 , '2027-1-30' , '2030-1-30' , 'archi nul' ) ; 
INSERT INTO  Promotion  VALUE  (18 , '2044-11-28' , '2047-11-28' , 'pouce rouge' ) ; 
INSERT INTO  Promotion  VALUE  (19 , '2018-4-8' , '2021-4-8' , 'archi nul' ) ; 
INSERT INTO  Promotion  VALUE  (20 , '2010-9-31' , '2013-9-31' , 'Bonne qualite' ) ; 
INSERT INTO  Promotion  VALUE  (21 , '2043-6-20' , '2046-6-20' , 'archi nul' ) ; 
INSERT INTO  Promotion  VALUE  (22 , '2034-1-4' , '2037-1-4' , 'moyen passable' ) ; 
INSERT INTO  Promotion  VALUE  (23 , '2023-11-31' , '2026-11-31' , 'moyen passable' ) ; 
INSERT INTO  Promotion  VALUE  (24 , '2030-7-25' , '2033-7-25' , 'moyen passable' ) ; 
INSERT INTO  Promotion  VALUE  (25 , '2010-3-22' , '2013-3-22' , 'Bonne qualite' ) ; 
INSERT INTO  Promotion  VALUE  (26 , '2020-9-3' , '2023-9-3' , 'Bonne qualite' ) ; 
INSERT INTO  Promotion  VALUE  (27 , '2000-3-1' , '2003-3-1' , 'Bonne qualite' ) ; 
INSERT INTO  Promotion  VALUE  (28 , '2039-1-23' , '2042-1-23' , 'pouce rouge' ) ; 
INSERT INTO  Promotion  VALUE  (29 , '2038-2-28' , '2041-2-28' , 'pouce rouge' ) ; 
INSERT INTO  Promotion  VALUE  (30 , '2020-7-1' , '2023-7-1' , 'Bonne qualite' ) ; 
INSERT INTO  Promotion  VALUE  (31 , '2039-9-21' , '2042-9-21' , 'pouce rouge' ) ; 
INSERT INTO  Promotion  VALUE  (32 , '2026-2-24' , '2029-2-24' , 'moyen passable' ) ; 
INSERT INTO  Promotion  VALUE  (33 , '2047-7-16' , '2050-7-16' , 'moyen passable' ) ; 
INSERT INTO  Promotion  VALUE  (34 , '2010-8-4' , '2013-8-4' , 'pouce rouge' ) ; 
INSERT INTO  Promotion  VALUE  (35 , '2018-4-28' , '2021-4-28' , 'Bonne qualite' ) ; 
INSERT INTO  Promotion  VALUE  (36 , '2005-3-9' , '2008-3-9' , 'pouce rouge' ) ; 
INSERT INTO  Promotion  VALUE  (37 , '2029-3-15' , '2032-3-15' , 'archi nul' ) ; 
INSERT INTO  Promotion  VALUE  (38 , '2036-9-5' , '2039-9-5' , 'Bonne qualite' ) ; 
INSERT INTO  Promotion  VALUE  (39 , '2030-6-25' , '2033-6-25' , 'Bonne qualite' ) ; 
INSERT INTO  Promotion  VALUE  (40 , '2046-10-16' , '2049-10-16' , 'moyen passable' ) ; 
INSERT INTO  Promotion  VALUE  (41 , '2048-9-6' , '2051-9-6' , 'archi nul' ) ; 
INSERT INTO  Promotion  VALUE  (42 , '2030-4-2' , '2033-4-2' , 'archi nul' ) ; 
INSERT INTO  Promotion  VALUE  (43 , '2011-6-20' , '2014-6-20' , 'pas mal du tout' ) ; 
INSERT INTO  Promotion  VALUE  (44 , '2021-4-27' , '2024-4-27' , 'pouce rouge' ) ; 
INSERT INTO  Promotion  VALUE  (45 , '2000-12-25' , '2003-12-25' , 'archi nul' ) ; 
INSERT INTO  Promotion  VALUE  (46 , '2035-5-29' , '2038-5-29' , 'moyen passable' ) ; 
INSERT INTO  Promotion  VALUE  (47 , '2039-8-22' , '2042-8-22' , 'moyen passable' ) ; 
INSERT INTO  Promotion  VALUE  (48 , '2029-10-9' , '2032-10-9' , 'pouce rouge' ) ; 
INSERT INTO  Promotion  VALUE  (49 , '2006-9-5' , '2009-9-5' , 'pas mal du tout' ) ; 
INSERT INTO  Promotion  VALUE  (50 , '2032-5-26' , '2035-5-26' , 'Bonne qualite' ) ; 
INSERT INTO  Promotion  VALUE  (51 , '2033-11-5' , '2036-11-5' , 'Bonne qualite' ) ; 
INSERT INTO  Promotion  VALUE  (52 , '2014-9-5' , '2017-9-5' , 'pouce rouge' ) ; 
INSERT INTO  Promotion  VALUE  (53 , '2024-1-2' , '2027-1-2' , 'archi nul' ) ; 
INSERT INTO  Promotion  VALUE  (54 , '2022-10-7' , '2025-10-7' , 'Bonne qualite' ) ; 
INSERT INTO  Promotion  VALUE  (55 , '2023-11-9' , '2026-11-9' , 'archi nul' ) ; 
INSERT INTO  Promotion  VALUE  (56 , '2031-6-20' , '2034-6-20' , 'moyen passable' ) ; 
INSERT INTO  Promotion  VALUE  (57 , '2037-9-11' , '2040-9-11' , 'archi nul' ) ; 
INSERT INTO  Promotion  VALUE  (58 , '2014-10-30' , '2017-10-30' , 'pouce rouge' ) ; 
INSERT INTO  Promotion  VALUE  (59 , '2022-9-29' , '2025-9-29' , 'Bonne qualite' ) ; 
INSERT INTO  Promotion  VALUE  (60 , '2003-10-11' , '2006-10-11' , 'moyen passable' ) ; 
INSERT INTO  Promotion  VALUE  (61 , '2011-6-6' , '2014-6-6' , 'pas mal du tout' ) ; 
INSERT INTO  Promotion  VALUE  (62 , '2018-1-5' , '2021-1-5' , 'pouce rouge' ) ; 
INSERT INTO  Promotion  VALUE  (63 , '2021-5-15' , '2024-5-15' , 'pouce rouge' ) ; 
INSERT INTO  Promotion  VALUE  (64 , '2012-8-18' , '2015-8-18' , 'pas mal du tout' ) ; 
INSERT INTO  Promotion  VALUE  (65 , '2034-6-8' , '2037-6-8' , 'pouce rouge' ) ; 
INSERT INTO  Promotion  VALUE  (66 , '2037-1-14' , '2040-1-14' , 'Bonne qualite' ) ; 
INSERT INTO  Promotion  VALUE  (67 , '2029-11-20' , '2032-11-20' , 'pouce rouge' ) ; 
INSERT INTO  Promotion  VALUE  (68 , '2048-10-22' , '2051-10-22' , 'archi nul' ) ; 
INSERT INTO  Promotion  VALUE  (69 , '2018-8-3' , '2021-8-3' , 'moyen passable' ) ; 
INSERT INTO  Promotion  VALUE  (70 , '2029-6-3' , '2032-6-3' , 'pouce rouge' ) ; 
INSERT INTO  Promotion  VALUE  (71 , '2045-7-5' , '2048-7-5' , 'Bonne qualite' ) ; 
INSERT INTO  Promotion  VALUE  (72 , '2035-12-7' , '2038-12-7' , 'moyen passable' ) ; 
INSERT INTO  Promotion  VALUE  (73 , '2035-7-11' , '2038-7-11' , 'archi nul' ) ; 
INSERT INTO  Promotion  VALUE  (74 , '2004-6-24' , '2007-6-24' , 'pouce rouge' ) ; 
INSERT INTO  Promotion  VALUE  (75 , '2016-1-3' , '2019-1-3' , 'pouce rouge' ) ; 
INSERT INTO  Promotion  VALUE  (76 , '2011-2-3' , '2014-2-3' , 'Bonne qualite' ) ; 
INSERT INTO  Promotion  VALUE  (77 , '2020-2-4' , '2023-2-4' , 'archi nul' ) ; 
INSERT INTO  Promotion  VALUE  (78 , '2042-6-27' , '2045-6-27' , 'moyen passable' ) ; 
INSERT INTO  Promotion  VALUE  (79 , '2032-4-4' , '2035-4-4' , 'moyen passable' ) ; 
INSERT INTO  Promotion  VALUE  (80 , '2038-10-16' , '2041-10-16' , 'moyen passable' ) ; 
INSERT INTO  Promotion  VALUE  (81 , '2001-8-17' , '2004-8-17' , 'pas mal du tout' ) ; 
INSERT INTO  Promotion  VALUE  (82 , '2005-7-14' , '2008-7-14' , 'pouce rouge' ) ; 
INSERT INTO  Promotion  VALUE  (83 , '2010-2-13' , '2013-2-13' , 'pas mal du tout' ) ; 
INSERT INTO  Promotion  VALUE  (84 , '2021-4-4' , '2024-4-4' , 'pas mal du tout' ) ; 
INSERT INTO  Promotion  VALUE  (85 , '2048-9-27' , '2051-9-27' , 'pouce rouge' ) ; 
INSERT INTO  Promotion  VALUE  (86 , '2014-2-7' , '2017-2-7' , 'moyen passable' ) ; 
INSERT INTO  Promotion  VALUE  (87 , '2006-6-12' , '2009-6-12' , 'archi nul' ) ; 
INSERT INTO  Promotion  VALUE  (88 , '2004-2-15' , '2007-2-15' , 'moyen passable' ) ; 
INSERT INTO  Promotion  VALUE  (89 , '2007-4-7' , '2010-4-7' , 'pas mal du tout' ) ; 
INSERT INTO  Promotion  VALUE  (90 , '2021-9-17' , '2024-9-17' , 'Bonne qualite' ) ; 
INSERT INTO  Promotion  VALUE  (91 , '2025-1-9' , '2028-1-9' , 'archi nul' ) ; 
INSERT INTO  Promotion  VALUE  (92 , '2016-3-6' , '2019-3-6' , 'pas mal du tout' ) ; 
INSERT INTO  Promotion  VALUE  (93 , '2036-5-30' , '2039-5-30' , 'pouce rouge' ) ; 
INSERT INTO  Promotion  VALUE  (94 , '2042-1-22' , '2045-1-22' , 'pas mal du tout' ) ; 
INSERT INTO  Promotion  VALUE  (95 , '2004-9-18' , '2007-9-18' , 'Bonne qualite' ) ; 
INSERT INTO  Promotion  VALUE  (96 , '2007-2-8' , '2010-2-8' , 'pas mal du tout' ) ; 
INSERT INTO  Promotion  VALUE  (97 , '2046-3-6' , '2049-3-6' , 'pas mal du tout' ) ; 
INSERT INTO  Promotion  VALUE  (98 , '2044-8-16' , '2047-8-16' , 'archi nul' ) ; 
INSERT INTO  Promotion  VALUE  (99 , '2045-3-27' , '2048-3-27' , 'moyen passable' ) ; 
INSERT INTO  Promotion  VALUE  (100 , '2031-7-30' , '2034-7-30' , 'moyen passable' ) ; 
INSERT INTO  Promotion  VALUE  (101 , '2030-11-13' , '2033-11-13' , 'moyen passable' ) ; 
INSERT INTO  Promotion  VALUE  (102 , '2033-1-19' , '2036-1-19' , 'pouce rouge' ) ; 
INSERT INTO  Promotion  VALUE  (103 , '2016-7-31' , '2019-7-31' , 'Bonne qualite' ) ; 
INSERT INTO  Promotion  VALUE  (104 , '2011-5-30' , '2014-5-30' , 'Bonne qualite' ) ; 
INSERT INTO  Promotion  VALUE  (105 , '2048-11-1' , '2051-11-1' , 'pouce rouge' ) ; 
INSERT INTO  Promotion  VALUE  (106 , '2004-1-15' , '2007-1-15' , 'pas mal du tout' ) ; 
INSERT INTO  Promotion  VALUE  (107 , '2014-12-16' , '2017-12-16' , 'pas mal du tout' ) ; 
INSERT INTO  Promotion  VALUE  (108 , '2011-3-2' , '2014-3-2' , 'pouce rouge' ) ; 
INSERT INTO  Promotion  VALUE  (109 , '2010-5-2' , '2013-5-2' , 'Bonne qualite' ) ; 
INSERT INTO  Promotion  VALUE  (110 , '2040-8-4' , '2043-8-4' , 'moyen passable' ) ; 
INSERT INTO  Promotion  VALUE  (111 , '2033-3-11' , '2036-3-11' , 'Bonne qualite' ) ; 
INSERT INTO  Promotion  VALUE  (112 , '2035-8-7' , '2038-8-7' , 'pas mal du tout' ) ; 
INSERT INTO  Promotion  VALUE  (113 , '2005-7-24' , '2008-7-24' , 'pouce rouge' ) ; 
INSERT INTO  Promotion  VALUE  (114 , '2017-6-13' , '2020-6-13' , 'moyen passable' ) ; 
INSERT INTO  Promotion  VALUE  (115 , '2048-12-29' , '2051-12-29' , 'archi nul' ) ; 
INSERT INTO  Promotion  VALUE  (116 , '2032-6-1' , '2035-6-1' , 'Bonne qualite' ) ; 
INSERT INTO  Promotion  VALUE  (117 , '2029-4-11' , '2032-4-11' , 'pas mal du tout' ) ; 
INSERT INTO  Promotion  VALUE  (118 , '2015-3-31' , '2018-3-31' , 'pas mal du tout' ) ; 
INSERT INTO  Promotion  VALUE  (119 , '2011-10-8' , '2014-10-8' , 'pas mal du tout' ) ; 
INSERT INTO  Promotion  VALUE  (120 , '2031-2-15' , '2034-2-15' , 'pouce rouge' ) ; 
INSERT INTO  Promotion  VALUE  (121 , '2014-11-22' , '2017-11-22' , 'pas mal du tout' ) ; 
INSERT INTO  Promotion  VALUE  (122 , '2035-2-30' , '2038-2-30' , 'archi nul' ) ; 
INSERT INTO  Promotion  VALUE  (123 , '2002-7-23' , '2005-7-23' , 'archi nul' ) ; 
INSERT INTO  Promotion  VALUE  (124 , '2033-1-13' , '2036-1-13' , 'archi nul' ) ; 
INSERT INTO  Promotion  VALUE  (125 , '2007-9-5' , '2010-9-5' , 'archi nul' ) ; 
INSERT INTO  Promotion  VALUE  (126 , '2019-3-6' , '2022-3-6' , 'pouce rouge' ) ; 
INSERT INTO  Promotion  VALUE  (127 , '2049-3-22' , '2052-3-22' , 'Bonne qualite' ) ; 
INSERT INTO  Promotion  VALUE  (128 , '2027-9-4' , '2030-9-4' , 'pouce rouge' ) ; 
INSERT INTO  Promotion  VALUE  (129 , '2035-8-12' , '2038-8-12' , 'archi nul' ) ; 
INSERT INTO  Promotion  VALUE  (130 , '2020-7-5' , '2023-7-5' , 'Bonne qualite' ) ; 
INSERT INTO  Promotion  VALUE  (131 , '2002-10-29' , '2005-10-29' , 'moyen passable' ) ; 
INSERT INTO  Promotion  VALUE  (132 , '2015-4-13' , '2018-4-13' , 'pas mal du tout' ) ; 
INSERT INTO  Promotion  VALUE  (133 , '2041-7-4' , '2044-7-4' , 'moyen passable' ) ; 
INSERT INTO  Promotion  VALUE  (134 , '2043-4-26' , '2046-4-26' , 'pouce rouge' ) ; 
INSERT INTO  Promotion  VALUE  (135 , '2025-12-23' , '2028-12-23' , 'Bonne qualite' ) ; 
INSERT INTO  Promotion  VALUE  (136 , '2021-1-6' , '2024-1-6' , 'pouce rouge' ) ; 
INSERT INTO  Promotion  VALUE  (137 , '2048-12-5' , '2051-12-5' , 'moyen passable' ) ; 
INSERT INTO  Promotion  VALUE  (138 , '2018-1-20' , '2021-1-20' , 'archi nul' ) ; 
INSERT INTO  Promotion  VALUE  (139 , '2042-8-30' , '2045-8-30' , 'moyen passable' ) ; 
INSERT INTO  Promotion  VALUE  (140 , '2046-5-11' , '2049-5-11' , 'Bonne qualite' ) ; 
INSERT INTO  Promotion  VALUE  (141 , '2033-5-4' , '2036-5-4' , 'pas mal du tout' ) ; 
INSERT INTO  Promotion  VALUE  (142 , '2000-7-20' , '2003-7-20' , 'pouce rouge' ) ; 
INSERT INTO  Promotion  VALUE  (143 , '2049-8-21' , '2052-8-21' , 'pas mal du tout' ) ; 
INSERT INTO  Promotion  VALUE  (144 , '2007-2-2' , '2010-2-2' , 'moyen passable' ) ; 
INSERT INTO  Promotion  VALUE  (145 , '2043-7-19' , '2046-7-19' , 'pouce rouge' ) ; 
INSERT INTO  Promotion  VALUE  (146 , '2007-7-30' , '2010-7-30' , 'moyen passable' ) ; 
INSERT INTO  Promotion  VALUE  (147 , '2036-1-23' , '2039-1-23' , 'archi nul' ) ; 
INSERT INTO  Promotion  VALUE  (148 , '2034-5-21' , '2037-5-21' , 'pas mal du tout' ) ; 
INSERT INTO  Promotion  VALUE  (149 , '2019-3-29' , '2022-3-29' , 'archi nul' ) ; 
INSERT INTO  Promotion  VALUE  (150 , '2023-1-8' , '2026-1-8' , 'pas mal du tout' ) ; 
INSERT INTO  Promotion  VALUE  (151 , '2023-2-6' , '2026-2-6' , 'pas mal du tout' ) ; 
INSERT INTO  Promotion  VALUE  (152 , '2042-6-19' , '2045-6-19' , 'pouce rouge' ) ; 
INSERT INTO  Promotion  VALUE  (153 , '2003-2-13' , '2006-2-13' , 'moyen passable' ) ; 
INSERT INTO  Promotion  VALUE  (154 , '2000-8-10' , '2003-8-10' , 'Bonne qualite' ) ; 
INSERT INTO  Promotion  VALUE  (155 , '2045-12-6' , '2048-12-6' , 'pas mal du tout' ) ; 
INSERT INTO  Promotion  VALUE  (156 , '2010-4-7' , '2013-4-7' , 'pouce rouge' ) ; 
INSERT INTO  Promotion  VALUE  (157 , '2017-3-6' , '2020-3-6' , 'Bonne qualite' ) ; 
INSERT INTO  Promotion  VALUE  (158 , '2023-3-2' , '2026-3-2' , 'Bonne qualite' ) ; 
INSERT INTO  Promotion  VALUE  (159 , '2020-11-1' , '2023-11-1' , 'moyen passable' ) ; 
INSERT INTO  Promotion  VALUE  (160 , '2042-12-15' , '2045-12-15' , 'Bonne qualite' ) ; 
INSERT INTO  Promotion  VALUE  (161 , '2013-5-16' , '2016-5-16' , 'pouce rouge' ) ; 
INSERT INTO  Promotion  VALUE  (162 , '2016-12-10' , '2019-12-10' , 'Bonne qualite' ) ; 
INSERT INTO  Promotion  VALUE  (163 , '2002-11-24' , '2005-11-24' , 'pouce rouge' ) ; 
INSERT INTO  Promotion  VALUE  (164 , '2028-10-19' , '2031-10-19' , 'moyen passable' ) ; 
INSERT INTO  Promotion  VALUE  (165 , '2044-1-22' , '2047-1-22' , 'archi nul' ) ; 
INSERT INTO  Promotion  VALUE  (166 , '2019-4-5' , '2022-4-5' , 'archi nul' ) ; 
INSERT INTO  Promotion  VALUE  (167 , '2021-11-21' , '2024-11-21' , 'pouce rouge' ) ; 
INSERT INTO  Promotion  VALUE  (168 , '2036-2-20' , '2039-2-20' , 'Bonne qualite' ) ; 
INSERT INTO  Promotion  VALUE  (169 , '2022-12-13' , '2025-12-13' , 'Bonne qualite' ) ; 
INSERT INTO  Promotion  VALUE  (170 , '2006-10-5' , '2009-10-5' , 'pas mal du tout' ) ; 
INSERT INTO  Promotion  VALUE  (171 , '2010-1-15' , '2013-1-15' , 'archi nul' ) ; 
INSERT INTO  Promotion  VALUE  (172 , '2015-4-28' , '2018-4-28' , 'archi nul' ) ; 
INSERT INTO  Promotion  VALUE  (173 , '2030-12-25' , '2033-12-25' , 'pas mal du tout' ) ; 
INSERT INTO  Promotion  VALUE  (174 , '2019-3-22' , '2022-3-22' , 'Bonne qualite' ) ; 
INSERT INTO  Promotion  VALUE  (175 , '2016-5-13' , '2019-5-13' , 'Bonne qualite' ) ; 
INSERT INTO  Promotion  VALUE  (176 , '2022-1-8' , '2025-1-8' , 'moyen passable' ) ; 
INSERT INTO  Promotion  VALUE  (177 , '2027-12-25' , '2030-12-25' , 'pouce rouge' ) ; 
INSERT INTO  Promotion  VALUE  (178 , '2048-12-30' , '2051-12-30' , 'pas mal du tout' ) ; 
INSERT INTO  Promotion  VALUE  (179 , '2049-1-30' , '2052-1-30' , 'pas mal du tout' ) ; 
INSERT INTO  Promotion  VALUE  (180 , '2003-5-17' , '2006-5-17' , 'Bonne qualite' ) ; 
INSERT INTO  Promotion  VALUE  (181 , '2010-5-7' , '2013-5-7' , 'archi nul' ) ; 
INSERT INTO  Promotion  VALUE  (182 , '2024-1-9' , '2027-1-9' , 'moyen passable' ) ; 
INSERT INTO  Promotion  VALUE  (183 , '2017-10-19' , '2020-10-19' , 'moyen passable' ) ; 
INSERT INTO  Promotion  VALUE  (184 , '2006-4-20' , '2009-4-20' , 'pouce rouge' ) ; 
INSERT INTO  Promotion  VALUE  (185 , '2012-1-10' , '2015-1-10' , 'archi nul' ) ; 
INSERT INTO  Promotion  VALUE  (186 , '2006-8-16' , '2009-8-16' , 'moyen passable' ) ; 
INSERT INTO  Promotion  VALUE  (187 , '2046-12-30' , '2049-12-30' , 'archi nul' ) ; 
INSERT INTO  Promotion  VALUE  (188 , '2002-8-19' , '2005-8-19' , 'Bonne qualite' ) ; 
INSERT INTO  Promotion  VALUE  (189 , '2016-1-26' , '2019-1-26' , 'pas mal du tout' ) ; 
INSERT INTO  Promotion  VALUE  (190 , '2037-10-24' , '2040-10-24' , 'moyen passable' ) ; 
INSERT INTO  Promotion  VALUE  (191 , '2036-9-8' , '2039-9-8' , 'moyen passable' ) ; 
INSERT INTO  Promotion  VALUE  (192 , '2032-2-21' , '2035-2-21' , 'pouce rouge' ) ; 
INSERT INTO  Promotion  VALUE  (193 , '2000-9-22' , '2003-9-22' , 'pas mal du tout' ) ; 
INSERT INTO  Promotion  VALUE  (194 , '2042-2-30' , '2045-2-30' , 'pas mal du tout' ) ; 
INSERT INTO  Promotion  VALUE  (195 , '2005-9-29' , '2008-9-29' , 'moyen passable' ) ; 
INSERT INTO  Promotion  VALUE  (196 , '2006-4-5' , '2009-4-5' , 'Bonne qualite' ) ; 
INSERT INTO  Promotion  VALUE  (197 , '2044-11-5' , '2047-11-5' , 'pas mal du tout' ) ; 
INSERT INTO  Promotion  VALUE  (198 , '2039-7-6' , '2042-7-6' , 'moyen passable' ) ; 
INSERT INTO  Promotion  VALUE  (199 , '2018-2-23' , '2021-2-23' , 'archi nul' ) ; 
INSERT INTO  Promotion  VALUE  (200 , '2041-4-11' , '2044-4-11' , 'pouce rouge' ) ; 
INSERT INTO  Promotion  VALUE  (201 , '2023-3-8' , '2026-3-8' , 'pouce rouge' ) ; 
INSERT INTO  Promotion  VALUE  (202 , '2000-2-5' , '2003-2-5' , 'archi nul' ) ; 
INSERT INTO  Promotion  VALUE  (203 , '2003-12-29' , '2006-12-29' , 'Bonne qualite' ) ; 
INSERT INTO  Promotion  VALUE  (204 , '2044-7-2' , '2047-7-2' , 'pas mal du tout' ) ; 
INSERT INTO  Promotion  VALUE  (205 , '2018-3-16' , '2021-3-16' , 'archi nul' ) ; 
INSERT INTO  Promotion  VALUE  (206 , '2023-3-4' , '2026-3-4' , 'archi nul' ) ; 
INSERT INTO  Promotion  VALUE  (207 , '2049-2-28' , '2052-2-28' , 'pas mal du tout' ) ; 
INSERT INTO  Promotion  VALUE  (208 , '2031-5-16' , '2034-5-16' , 'moyen passable' ) ; 
INSERT INTO  Promotion  VALUE  (209 , '2049-7-6' , '2052-7-6' , 'archi nul' ) ; 
INSERT INTO  Promotion  VALUE  (210 , '2000-6-25' , '2003-6-25' , 'moyen passable' ) ; 
INSERT INTO  Promotion  VALUE  (211 , '2048-5-27' , '2051-5-27' , 'Bonne qualite' ) ; 
INSERT INTO  Promotion  VALUE  (212 , '2003-12-23' , '2006-12-23' , 'pouce rouge' ) ; 
INSERT INTO  Promotion  VALUE  (213 , '2034-11-31' , '2037-11-31' , 'Bonne qualite' ) ; 
INSERT INTO  Promotion  VALUE  (214 , '2048-9-7' , '2051-9-7' , 'pas mal du tout' ) ; 
INSERT INTO  Promotion  VALUE  (215 , '2013-12-7' , '2016-12-7' , 'archi nul' ) ; 
INSERT INTO  Promotion  VALUE  (216 , '2040-3-2' , '2043-3-2' , 'moyen passable' ) ; 
INSERT INTO  Promotion  VALUE  (217 , '2024-6-20' , '2027-6-20' , 'pas mal du tout' ) ; 
INSERT INTO  Promotion  VALUE  (218 , '2040-8-7' , '2043-8-7' , 'moyen passable' ) ; 
INSERT INTO  Promotion  VALUE  (219 , '2046-6-25' , '2049-6-25' , 'Bonne qualite' ) ; 
INSERT INTO  Promotion  VALUE  (220 , '2016-11-15' , '2019-11-15' , 'pas mal du tout' ) ; 
INSERT INTO  Promotion  VALUE  (221 , '2003-5-12' , '2006-5-12' , 'archi nul' ) ; 
INSERT INTO  Promotion  VALUE  (222 , '2045-8-22' , '2048-8-22' , 'pas mal du tout' ) ; 
INSERT INTO  Promotion  VALUE  (223 , '2022-4-17' , '2025-4-17' , 'moyen passable' ) ; 
INSERT INTO  Promotion  VALUE  (224 , '2031-2-2' , '2034-2-2' , 'archi nul' ) ; 
INSERT INTO  Promotion  VALUE  (225 , '2025-2-24' , '2028-2-24' , 'pouce rouge' ) ; 
INSERT INTO  Promotion  VALUE  (226 , '2017-9-7' , '2020-9-7' , 'pas mal du tout' ) ; 
INSERT INTO  Promotion  VALUE  (227 , '2035-4-20' , '2038-4-20' , 'Bonne qualite' ) ; 
INSERT INTO  Promotion  VALUE  (228 , '2003-10-29' , '2006-10-29' , 'archi nul' ) ; 
INSERT INTO  Promotion  VALUE  (229 , '2010-5-7' , '2013-5-7' , 'pas mal du tout' ) ; 
INSERT INTO  Promotion  VALUE  (230 , '2046-6-21' , '2049-6-21' , 'moyen passable' ) ; 
INSERT INTO  Promotion  VALUE  (231 , '2002-8-20' , '2005-8-20' , 'pouce rouge' ) ; 
INSERT INTO  Promotion  VALUE  (232 , '2044-1-17' , '2047-1-17' , 'moyen passable' ) ; 
INSERT INTO  Promotion  VALUE  (233 , '2028-12-31' , '2031-12-31' , 'moyen passable' ) ; 
INSERT INTO  Promotion  VALUE  (234 , '2006-2-6' , '2009-2-6' , 'archi nul' ) ; 
INSERT INTO  Promotion  VALUE  (235 , '2030-8-4' , '2033-8-4' , 'Bonne qualite' ) ; 
INSERT INTO  Promotion  VALUE  (236 , '2031-10-19' , '2034-10-19' , 'archi nul' ) ; 
INSERT INTO  Promotion  VALUE  (237 , '2041-5-16' , '2044-5-16' , 'pouce rouge' ) ; 
INSERT INTO  Promotion  VALUE  (238 , '2018-9-5' , '2021-9-5' , 'Bonne qualite' ) ; 
INSERT INTO  Promotion  VALUE  (239 , '2045-4-12' , '2048-4-12' , 'archi nul' ) ; 
INSERT INTO  Promotion  VALUE  (240 , '2016-11-4' , '2019-11-4' , 'pas mal du tout' ) ; 
INSERT INTO  Promotion  VALUE  (241 , '2036-4-21' , '2039-4-21' , 'pouce rouge' ) ; 
INSERT INTO  Promotion  VALUE  (242 , '2005-6-15' , '2008-6-15' , 'Bonne qualite' ) ; 
INSERT INTO  Promotion  VALUE  (243 , '2029-7-25' , '2032-7-25' , 'pouce rouge' ) ; 
INSERT INTO  Promotion  VALUE  (244 , '2036-10-1' , '2039-10-1' , 'pouce rouge' ) ; 
INSERT INTO  Promotion  VALUE  (245 , '2014-7-8' , '2017-7-8' , 'archi nul' ) ; 
INSERT INTO  Promotion  VALUE  (246 , '2015-12-23' , '2018-12-23' , 'archi nul' ) ; 
INSERT INTO  Promotion  VALUE  (247 , '2022-11-31' , '2025-11-31' , 'archi nul' ) ; 
INSERT INTO  Promotion  VALUE  (248 , '2005-1-5' , '2008-1-5' , 'pas mal du tout' ) ; 
INSERT INTO  Promotion  VALUE  (249 , '2020-7-31' , '2023-7-31' , 'archi nul' ) ; 
INSERT INTO  Promotion  VALUE  (250 , '2037-8-1' , '2040-8-1' , 'pas mal du tout' ) ; 
INSERT INTO  Promotion  VALUE  (251 , '2032-6-22' , '2035-6-22' , 'archi nul' ) ; 
INSERT INTO  Promotion  VALUE  (252 , '2008-7-23' , '2011-7-23' , 'pouce rouge' ) ; 
INSERT INTO  Promotion  VALUE  (253 , '2029-11-14' , '2032-11-14' , 'Bonne qualite' ) ; 
INSERT INTO  Promotion  VALUE  (254 , '2035-6-7' , '2038-6-7' , 'moyen passable' ) ; 
INSERT INTO  Promotion  VALUE  (255 , '2009-3-18' , '2012-3-18' , 'Bonne qualite' ) ; 
INSERT INTO  Promotion  VALUE  (256 , '2029-1-2' , '2032-1-2' , 'pouce rouge' ) ; 
INSERT INTO  Promotion  VALUE  (257 , '2024-6-29' , '2027-6-29' , 'pouce rouge' ) ; 
INSERT INTO  Promotion  VALUE  (258 , '2021-1-7' , '2024-1-7' , 'moyen passable' ) ; 
INSERT INTO  Promotion  VALUE  (259 , '2025-9-21' , '2028-9-21' , 'pouce rouge' ) ; 
INSERT INTO  Promotion  VALUE  (260 , '2032-10-27' , '2035-10-27' , 'Bonne qualite' ) ; 
INSERT INTO  Promotion  VALUE  (261 , '2029-12-13' , '2032-12-13' , 'archi nul' ) ; 
INSERT INTO  Promotion  VALUE  (262 , '2049-12-20' , '2052-12-20' , 'pouce rouge' ) ; 
INSERT INTO  Promotion  VALUE  (263 , '2024-3-26' , '2027-3-26' , 'Bonne qualite' ) ; 
INSERT INTO  Promotion  VALUE  (264 , '2021-10-25' , '2024-10-25' , 'moyen passable' ) ; 
INSERT INTO  Promotion  VALUE  (265 , '2033-10-21' , '2036-10-21' , 'archi nul' ) ; 
INSERT INTO  Promotion  VALUE  (266 , '2001-4-3' , '2004-4-3' , 'moyen passable' ) ; 
INSERT INTO  Promotion  VALUE  (267 , '2022-2-18' , '2025-2-18' , 'pas mal du tout' ) ; 
INSERT INTO  Promotion  VALUE  (268 , '2003-5-22' , '2006-5-22' , 'Bonne qualite' ) ; 
INSERT INTO  Promotion  VALUE  (269 , '2020-12-5' , '2023-12-5' , 'archi nul' ) ; 
INSERT INTO  Promotion  VALUE  (270 , '2037-2-16' , '2040-2-16' , 'moyen passable' ) ; 
INSERT INTO  Promotion  VALUE  (271 , '2030-1-7' , '2033-1-7' , 'moyen passable' ) ; 
INSERT INTO  Promotion  VALUE  (272 , '2040-8-26' , '2043-8-26' , 'pouce rouge' ) ; 
INSERT INTO  Promotion  VALUE  (273 , '2046-8-7' , '2049-8-7' , 'Bonne qualite' ) ; 
INSERT INTO  Promotion  VALUE  (274 , '2042-12-19' , '2045-12-19' , 'pas mal du tout' ) ; 
INSERT INTO  Promotion  VALUE  (275 , '2026-9-9' , '2029-9-9' , 'archi nul' ) ; 
INSERT INTO  Promotion  VALUE  (276 , '2043-10-26' , '2046-10-26' , 'archi nul' ) ; 
INSERT INTO  Promotion  VALUE  (277 , '2009-7-4' , '2012-7-4' , 'archi nul' ) ; 
INSERT INTO  Promotion  VALUE  (278 , '2035-10-13' , '2038-10-13' , 'Bonne qualite' ) ; 
INSERT INTO  Promotion  VALUE  (279 , '2048-12-4' , '2051-12-4' , 'pas mal du tout' ) ; 
INSERT INTO  Promotion  VALUE  (280 , '2004-12-1' , '2007-12-1' , 'Bonne qualite' ) ; 
INSERT INTO  Promotion  VALUE  (281 , '2024-5-7' , '2027-5-7' , 'moyen passable' ) ; 
INSERT INTO  Promotion  VALUE  (282 , '2029-10-10' , '2032-10-10' , 'archi nul' ) ; 
INSERT INTO  Promotion  VALUE  (283 , '2043-3-3' , '2046-3-3' , 'archi nul' ) ; 
INSERT INTO  Promotion  VALUE  (284 , '2035-5-2' , '2038-5-2' , 'Bonne qualite' ) ; 
INSERT INTO  Promotion  VALUE  (285 , '2048-1-6' , '2051-1-6' , 'pas mal du tout' ) ; 
INSERT INTO  Promotion  VALUE  (286 , '2048-11-21' , '2051-11-21' , 'pas mal du tout' ) ; 
INSERT INTO  Promotion  VALUE  (287 , '2031-6-16' , '2034-6-16' , 'moyen passable' ) ; 
INSERT INTO  Promotion  VALUE  (288 , '2026-11-2' , '2029-11-2' , 'pouce rouge' ) ; 
INSERT INTO  Promotion  VALUE  (289 , '2043-11-3' , '2046-11-3' , 'pouce rouge' ) ; 
INSERT INTO  Promotion  VALUE  (290 , '2043-11-8' , '2046-11-8' , 'moyen passable' ) ; 
INSERT INTO  Promotion  VALUE  (291 , '2021-8-14' , '2024-8-14' , 'pas mal du tout' ) ; 
INSERT INTO  Promotion  VALUE  (292 , '2022-10-2' , '2025-10-2' , 'archi nul' ) ; 
INSERT INTO  Promotion  VALUE  (293 , '2000-9-25' , '2003-9-25' , 'Bonne qualite' ) ; 
INSERT INTO  Promotion  VALUE  (294 , '2024-2-9' , '2027-2-9' , 'archi nul' ) ; 
INSERT INTO  Promotion  VALUE  (295 , '2003-12-16' , '2006-12-16' , 'archi nul' ) ; 
INSERT INTO  Promotion  VALUE  (296 , '2016-10-30' , '2019-10-30' , 'moyen passable' ) ; 
INSERT INTO  Promotion  VALUE  (297 , '2004-3-7' , '2007-3-7' , 'pouce rouge' ) ; 
INSERT INTO  Promotion  VALUE  (298 , '2035-6-2' , '2038-6-2' , 'pouce rouge' ) ; 
INSERT INTO  Promotion  VALUE  (299 , '2036-1-26' , '2039-1-26' , 'archi nul' ) ; 


INSERT INTO  Propos  VALUE  (0 , 0 ) ; 
INSERT INTO  Propos  VALUE  (1 , 1 ) ; 
INSERT INTO  Propos  VALUE  (2 , 2 ) ; 
INSERT INTO  Propos  VALUE  (3 , 3 ) ; 
INSERT INTO  Propos  VALUE  (4 , 4 ) ; 
INSERT INTO  Propos  VALUE  (5 , 5 ) ; 
INSERT INTO  Propos  VALUE  (6 , 6 ) ; 
INSERT INTO  Propos  VALUE  (7 , 7 ) ; 
INSERT INTO  Propos  VALUE  (8 , 8 ) ; 
INSERT INTO  Propos  VALUE  (9 , 9 ) ; 
INSERT INTO  Propos  VALUE  (10 , 10 ) ; 
INSERT INTO  Propos  VALUE  (11 , 11 ) ; 
INSERT INTO  Propos  VALUE  (12 , 12 ) ; 
INSERT INTO  Propos  VALUE  (13 , 13 ) ; 
INSERT INTO  Propos  VALUE  (14 , 14 ) ; 
INSERT INTO  Propos  VALUE  (15 , 15 ) ; 
INSERT INTO  Propos  VALUE  (16 , 16 ) ; 
INSERT INTO  Propos  VALUE  (17 , 17 ) ; 
INSERT INTO  Propos  VALUE  (18 , 18 ) ; 
INSERT INTO  Propos  VALUE  (19 , 19 ) ; 
INSERT INTO  Propos  VALUE  (20 , 20 ) ; 
INSERT INTO  Propos  VALUE  (21 , 21 ) ; 
INSERT INTO  Propos  VALUE  (22 , 22 ) ; 
INSERT INTO  Propos  VALUE  (23 , 23 ) ; 
INSERT INTO  Propos  VALUE  (24 , 24 ) ; 
INSERT INTO  Propos  VALUE  (25 , 25 ) ; 
INSERT INTO  Propos  VALUE  (26 , 26 ) ; 
INSERT INTO  Propos  VALUE  (27 , 27 ) ; 
INSERT INTO  Propos  VALUE  (28 , 28 ) ; 
INSERT INTO  Propos  VALUE  (29 , 29 ) ; 
INSERT INTO  Propos  VALUE  (30 , 30 ) ; 
INSERT INTO  Propos  VALUE  (31 , 31 ) ; 
INSERT INTO  Propos  VALUE  (32 , 32 ) ; 
INSERT INTO  Propos  VALUE  (33 , 33 ) ; 
INSERT INTO  Propos  VALUE  (34 , 34 ) ; 
INSERT INTO  Propos  VALUE  (35 , 35 ) ; 
INSERT INTO  Propos  VALUE  (36 , 36 ) ; 
INSERT INTO  Propos  VALUE  (37 , 37 ) ; 
INSERT INTO  Propos  VALUE  (38 , 38 ) ; 
INSERT INTO  Propos  VALUE  (39 , 39 ) ; 
INSERT INTO  Propos  VALUE  (40 , 40 ) ; 
INSERT INTO  Propos  VALUE  (41 , 41 ) ; 
INSERT INTO  Propos  VALUE  (42 , 42 ) ; 
INSERT INTO  Propos  VALUE  (43 , 43 ) ; 
INSERT INTO  Propos  VALUE  (44 , 44 ) ; 
INSERT INTO  Propos  VALUE  (45 , 45 ) ; 
INSERT INTO  Propos  VALUE  (46 , 46 ) ; 
INSERT INTO  Propos  VALUE  (47 , 47 ) ; 
INSERT INTO  Propos  VALUE  (48 , 48 ) ; 
INSERT INTO  Propos  VALUE  (49 , 49 ) ; 
INSERT INTO  Propos  VALUE  (50 , 50 ) ; 
INSERT INTO  Propos  VALUE  (51 , 51 ) ; 
INSERT INTO  Propos  VALUE  (52 , 52 ) ; 
INSERT INTO  Propos  VALUE  (53 , 53 ) ; 
INSERT INTO  Propos  VALUE  (54 , 54 ) ; 
INSERT INTO  Propos  VALUE  (55 , 55 ) ; 
INSERT INTO  Propos  VALUE  (56 , 56 ) ; 
INSERT INTO  Propos  VALUE  (57 , 57 ) ; 
INSERT INTO  Propos  VALUE  (58 , 58 ) ; 
INSERT INTO  Propos  VALUE  (59 , 59 ) ; 
INSERT INTO  Propos  VALUE  (60 , 60 ) ; 
INSERT INTO  Propos  VALUE  (61 , 61 ) ; 
INSERT INTO  Propos  VALUE  (62 , 62 ) ; 
INSERT INTO  Propos  VALUE  (63 , 63 ) ; 
INSERT INTO  Propos  VALUE  (64 , 64 ) ; 
INSERT INTO  Propos  VALUE  (65 , 65 ) ; 
INSERT INTO  Propos  VALUE  (66 , 66 ) ; 
INSERT INTO  Propos  VALUE  (67 , 67 ) ; 
INSERT INTO  Propos  VALUE  (68 , 68 ) ; 
INSERT INTO  Propos  VALUE  (69 , 69 ) ; 
INSERT INTO  Propos  VALUE  (70 , 70 ) ; 
INSERT INTO  Propos  VALUE  (71 , 71 ) ; 
INSERT INTO  Propos  VALUE  (72 , 72 ) ; 
INSERT INTO  Propos  VALUE  (73 , 73 ) ; 
INSERT INTO  Propos  VALUE  (74 , 74 ) ; 
INSERT INTO  Propos  VALUE  (75 , 75 ) ; 
INSERT INTO  Propos  VALUE  (76 , 76 ) ; 
INSERT INTO  Propos  VALUE  (77 , 77 ) ; 
INSERT INTO  Propos  VALUE  (78 , 78 ) ; 
INSERT INTO  Propos  VALUE  (79 , 79 ) ; 
INSERT INTO  Propos  VALUE  (80 , 80 ) ; 
INSERT INTO  Propos  VALUE  (81 , 81 ) ; 
INSERT INTO  Propos  VALUE  (82 , 82 ) ; 
INSERT INTO  Propos  VALUE  (83 , 83 ) ; 
INSERT INTO  Propos  VALUE  (84 , 84 ) ; 
INSERT INTO  Propos  VALUE  (85 , 85 ) ; 
INSERT INTO  Propos  VALUE  (86 , 86 ) ; 
INSERT INTO  Propos  VALUE  (87 , 87 ) ; 
INSERT INTO  Propos  VALUE  (88 , 88 ) ; 
INSERT INTO  Propos  VALUE  (89 , 89 ) ; 
INSERT INTO  Propos  VALUE  (90 , 90 ) ; 
INSERT INTO  Propos  VALUE  (91 , 91 ) ; 
INSERT INTO  Propos  VALUE  (92 , 92 ) ; 
INSERT INTO  Propos  VALUE  (93 , 93 ) ; 
INSERT INTO  Propos  VALUE  (94 , 94 ) ; 
INSERT INTO  Propos  VALUE  (95 , 95 ) ; 
INSERT INTO  Propos  VALUE  (96 , 96 ) ; 
INSERT INTO  Propos  VALUE  (97 , 97 ) ; 
INSERT INTO  Propos  VALUE  (98 , 98 ) ; 
INSERT INTO  Propos  VALUE  (99 , 99 ) ; 
INSERT INTO  Propos  VALUE  (100 , 100 ) ; 
INSERT INTO  Propos  VALUE  (101 , 101 ) ; 
INSERT INTO  Propos  VALUE  (102 , 102 ) ; 
INSERT INTO  Propos  VALUE  (103 , 103 ) ; 
INSERT INTO  Propos  VALUE  (104 , 104 ) ; 
INSERT INTO  Propos  VALUE  (105 , 105 ) ; 
INSERT INTO  Propos  VALUE  (106 , 106 ) ; 
INSERT INTO  Propos  VALUE  (107 , 107 ) ; 
INSERT INTO  Propos  VALUE  (108 , 108 ) ; 
INSERT INTO  Propos  VALUE  (109 , 109 ) ; 
INSERT INTO  Propos  VALUE  (110 , 110 ) ; 
INSERT INTO  Propos  VALUE  (111 , 111 ) ; 
INSERT INTO  Propos  VALUE  (112 , 112 ) ; 
INSERT INTO  Propos  VALUE  (113 , 113 ) ; 
INSERT INTO  Propos  VALUE  (114 , 114 ) ; 
INSERT INTO  Propos  VALUE  (115 , 115 ) ; 
INSERT INTO  Propos  VALUE  (116 , 116 ) ; 
INSERT INTO  Propos  VALUE  (117 , 117 ) ; 
INSERT INTO  Propos  VALUE  (118 , 118 ) ; 
INSERT INTO  Propos  VALUE  (119 , 119 ) ; 
INSERT INTO  Propos  VALUE  (120 , 120 ) ; 
INSERT INTO  Propos  VALUE  (121 , 121 ) ; 
INSERT INTO  Propos  VALUE  (122 , 122 ) ; 
INSERT INTO  Propos  VALUE  (123 , 123 ) ; 
INSERT INTO  Propos  VALUE  (124 , 124 ) ; 
INSERT INTO  Propos  VALUE  (125 , 125 ) ; 
INSERT INTO  Propos  VALUE  (126 , 126 ) ; 
INSERT INTO  Propos  VALUE  (127 , 127 ) ; 
INSERT INTO  Propos  VALUE  (128 , 128 ) ; 
INSERT INTO  Propos  VALUE  (129 , 129 ) ; 
INSERT INTO  Propos  VALUE  (130 , 130 ) ; 
INSERT INTO  Propos  VALUE  (131 , 131 ) ; 
INSERT INTO  Propos  VALUE  (132 , 132 ) ; 
INSERT INTO  Propos  VALUE  (133 , 133 ) ; 
INSERT INTO  Propos  VALUE  (134 , 134 ) ; 
INSERT INTO  Propos  VALUE  (135 , 135 ) ; 
INSERT INTO  Propos  VALUE  (136 , 136 ) ; 
INSERT INTO  Propos  VALUE  (137 , 137 ) ; 
INSERT INTO  Propos  VALUE  (138 , 138 ) ; 
INSERT INTO  Propos  VALUE  (139 , 139 ) ; 
INSERT INTO  Propos  VALUE  (140 , 140 ) ; 
INSERT INTO  Propos  VALUE  (141 , 141 ) ; 
INSERT INTO  Propos  VALUE  (142 , 142 ) ; 
INSERT INTO  Propos  VALUE  (143 , 143 ) ; 
INSERT INTO  Propos  VALUE  (144 , 144 ) ; 
INSERT INTO  Propos  VALUE  (145 , 145 ) ; 
INSERT INTO  Propos  VALUE  (146 , 146 ) ; 
INSERT INTO  Propos  VALUE  (147 , 147 ) ; 
INSERT INTO  Propos  VALUE  (148 , 148 ) ; 
INSERT INTO  Propos  VALUE  (149 , 149 ) ; 
INSERT INTO  Propos  VALUE  (150 , 150 ) ; 
INSERT INTO  Propos  VALUE  (151 , 151 ) ; 
INSERT INTO  Propos  VALUE  (152 , 152 ) ; 
INSERT INTO  Propos  VALUE  (153 , 153 ) ; 
INSERT INTO  Propos  VALUE  (154 , 154 ) ; 
INSERT INTO  Propos  VALUE  (155 , 155 ) ; 
INSERT INTO  Propos  VALUE  (156 , 156 ) ; 
INSERT INTO  Propos  VALUE  (157 , 157 ) ; 
INSERT INTO  Propos  VALUE  (158 , 158 ) ; 
INSERT INTO  Propos  VALUE  (159 , 159 ) ; 
INSERT INTO  Propos  VALUE  (160 , 160 ) ; 
INSERT INTO  Propos  VALUE  (161 , 161 ) ; 
INSERT INTO  Propos  VALUE  (162 , 162 ) ; 
INSERT INTO  Propos  VALUE  (163 , 163 ) ; 
INSERT INTO  Propos  VALUE  (164 , 164 ) ; 
INSERT INTO  Propos  VALUE  (165 , 165 ) ; 
INSERT INTO  Propos  VALUE  (166 , 166 ) ; 
INSERT INTO  Propos  VALUE  (167 , 167 ) ; 
INSERT INTO  Propos  VALUE  (168 , 168 ) ; 
INSERT INTO  Propos  VALUE  (169 , 169 ) ; 
INSERT INTO  Propos  VALUE  (170 , 170 ) ; 
INSERT INTO  Propos  VALUE  (171 , 171 ) ; 
INSERT INTO  Propos  VALUE  (172 , 172 ) ; 
INSERT INTO  Propos  VALUE  (173 , 173 ) ; 
INSERT INTO  Propos  VALUE  (174 , 174 ) ; 
INSERT INTO  Propos  VALUE  (175 , 175 ) ; 
INSERT INTO  Propos  VALUE  (176 , 176 ) ; 
INSERT INTO  Propos  VALUE  (177 , 177 ) ; 
INSERT INTO  Propos  VALUE  (178 , 178 ) ; 
INSERT INTO  Propos  VALUE  (179 , 179 ) ; 
INSERT INTO  Propos  VALUE  (180 , 180 ) ; 
INSERT INTO  Propos  VALUE  (181 , 181 ) ; 
INSERT INTO  Propos  VALUE  (182 , 182 ) ; 
INSERT INTO  Propos  VALUE  (183 , 183 ) ; 
INSERT INTO  Propos  VALUE  (184 , 184 ) ; 
INSERT INTO  Propos  VALUE  (185 , 185 ) ; 
INSERT INTO  Propos  VALUE  (186 , 186 ) ; 
INSERT INTO  Propos  VALUE  (187 , 187 ) ; 
INSERT INTO  Propos  VALUE  (188 , 188 ) ; 
INSERT INTO  Propos  VALUE  (189 , 189 ) ; 
INSERT INTO  Propos  VALUE  (190 , 190 ) ; 
INSERT INTO  Propos  VALUE  (191 , 191 ) ; 
INSERT INTO  Propos  VALUE  (192 , 192 ) ; 
INSERT INTO  Propos  VALUE  (193 , 193 ) ; 
INSERT INTO  Propos  VALUE  (194 , 194 ) ; 
INSERT INTO  Propos  VALUE  (195 , 195 ) ; 
INSERT INTO  Propos  VALUE  (196 , 196 ) ; 
INSERT INTO  Propos  VALUE  (197 , 197 ) ; 
INSERT INTO  Propos  VALUE  (198 , 198 ) ; 
INSERT INTO  Propos  VALUE  (199 , 199 ) ; 
INSERT INTO  Propos  VALUE  (200 , 200 ) ; 
INSERT INTO  Propos  VALUE  (201 , 201 ) ; 
INSERT INTO  Propos  VALUE  (202 , 202 ) ; 
INSERT INTO  Propos  VALUE  (203 , 203 ) ; 
INSERT INTO  Propos  VALUE  (204 , 204 ) ; 
INSERT INTO  Propos  VALUE  (205 , 205 ) ; 
INSERT INTO  Propos  VALUE  (206 , 206 ) ; 
INSERT INTO  Propos  VALUE  (207 , 207 ) ; 
INSERT INTO  Propos  VALUE  (208 , 208 ) ; 
INSERT INTO  Propos  VALUE  (209 , 209 ) ; 
INSERT INTO  Propos  VALUE  (210 , 210 ) ; 
INSERT INTO  Propos  VALUE  (211 , 211 ) ; 
INSERT INTO  Propos  VALUE  (212 , 212 ) ; 
INSERT INTO  Propos  VALUE  (213 , 213 ) ; 
INSERT INTO  Propos  VALUE  (214 , 214 ) ; 
INSERT INTO  Propos  VALUE  (215 , 215 ) ; 
INSERT INTO  Propos  VALUE  (216 , 216 ) ; 
INSERT INTO  Propos  VALUE  (217 , 217 ) ; 
INSERT INTO  Propos  VALUE  (218 , 218 ) ; 
INSERT INTO  Propos  VALUE  (219 , 219 ) ; 
INSERT INTO  Propos  VALUE  (220 , 220 ) ; 
INSERT INTO  Propos  VALUE  (221 , 221 ) ; 
INSERT INTO  Propos  VALUE  (222 , 222 ) ; 
INSERT INTO  Propos  VALUE  (223 , 223 ) ; 
INSERT INTO  Propos  VALUE  (224 , 224 ) ; 
INSERT INTO  Propos  VALUE  (225 , 225 ) ; 
INSERT INTO  Propos  VALUE  (226 , 226 ) ; 
INSERT INTO  Propos  VALUE  (227 , 227 ) ; 
INSERT INTO  Propos  VALUE  (228 , 228 ) ; 
INSERT INTO  Propos  VALUE  (229 , 229 ) ; 
INSERT INTO  Propos  VALUE  (230 , 230 ) ; 
INSERT INTO  Propos  VALUE  (231 , 231 ) ; 
INSERT INTO  Propos  VALUE  (232 , 232 ) ; 
INSERT INTO  Propos  VALUE  (233 , 233 ) ; 
INSERT INTO  Propos  VALUE  (234 , 234 ) ; 
INSERT INTO  Propos  VALUE  (235 , 235 ) ; 
INSERT INTO  Propos  VALUE  (236 , 236 ) ; 
INSERT INTO  Propos  VALUE  (237 , 237 ) ; 
INSERT INTO  Propos  VALUE  (238 , 238 ) ; 
INSERT INTO  Propos  VALUE  (239 , 239 ) ; 
INSERT INTO  Propos  VALUE  (240 , 240 ) ; 
INSERT INTO  Propos  VALUE  (241 , 241 ) ; 
INSERT INTO  Propos  VALUE  (242 , 242 ) ; 
INSERT INTO  Propos  VALUE  (243 , 243 ) ; 
INSERT INTO  Propos  VALUE  (244 , 244 ) ; 
INSERT INTO  Propos  VALUE  (245 , 245 ) ; 
INSERT INTO  Propos  VALUE  (246 , 246 ) ; 
INSERT INTO  Propos  VALUE  (247 , 247 ) ; 
INSERT INTO  Propos  VALUE  (248 , 248 ) ; 
INSERT INTO  Propos  VALUE  (249 , 249 ) ; 
INSERT INTO  Propos  VALUE  (250 , 250 ) ; 
INSERT INTO  Propos  VALUE  (251 , 251 ) ; 
INSERT INTO  Propos  VALUE  (252 , 252 ) ; 
INSERT INTO  Propos  VALUE  (253 , 253 ) ; 
INSERT INTO  Propos  VALUE  (254 , 254 ) ; 
INSERT INTO  Propos  VALUE  (255 , 255 ) ; 
INSERT INTO  Propos  VALUE  (256 , 256 ) ; 
INSERT INTO  Propos  VALUE  (257 , 257 ) ; 
INSERT INTO  Propos  VALUE  (258 , 258 ) ; 
INSERT INTO  Propos  VALUE  (259 , 259 ) ; 
INSERT INTO  Propos  VALUE  (260 , 260 ) ; 
INSERT INTO  Propos  VALUE  (261 , 261 ) ; 
INSERT INTO  Propos  VALUE  (262 , 262 ) ; 
INSERT INTO  Propos  VALUE  (263 , 263 ) ; 
INSERT INTO  Propos  VALUE  (264 , 264 ) ; 
INSERT INTO  Propos  VALUE  (265 , 265 ) ; 
INSERT INTO  Propos  VALUE  (266 , 266 ) ; 
INSERT INTO  Propos  VALUE  (267 , 267 ) ; 
INSERT INTO  Propos  VALUE  (268 , 268 ) ; 
INSERT INTO  Propos  VALUE  (269 , 269 ) ; 
INSERT INTO  Propos  VALUE  (270 , 270 ) ; 
INSERT INTO  Propos  VALUE  (271 , 271 ) ; 
INSERT INTO  Propos  VALUE  (272 , 272 ) ; 
INSERT INTO  Propos  VALUE  (273 , 273 ) ; 
INSERT INTO  Propos  VALUE  (274 , 274 ) ; 
INSERT INTO  Propos  VALUE  (275 , 275 ) ; 
INSERT INTO  Propos  VALUE  (276 , 276 ) ; 
INSERT INTO  Propos  VALUE  (277 , 277 ) ; 
INSERT INTO  Propos  VALUE  (278 , 278 ) ; 
INSERT INTO  Propos  VALUE  (279 , 279 ) ; 
INSERT INTO  Propos  VALUE  (280 , 280 ) ; 
INSERT INTO  Propos  VALUE  (281 , 281 ) ; 
INSERT INTO  Propos  VALUE  (282 , 282 ) ; 
INSERT INTO  Propos  VALUE  (283 , 283 ) ; 
INSERT INTO  Propos  VALUE  (284 , 284 ) ; 
INSERT INTO  Propos  VALUE  (285 , 285 ) ; 
INSERT INTO  Propos  VALUE  (286 , 286 ) ; 
INSERT INTO  Propos  VALUE  (287 , 287 ) ; 
INSERT INTO  Propos  VALUE  (288 , 288 ) ; 
INSERT INTO  Propos  VALUE  (289 , 289 ) ; 
INSERT INTO  Propos  VALUE  (290 , 290 ) ; 
INSERT INTO  Propos  VALUE  (291 , 291 ) ; 
INSERT INTO  Propos  VALUE  (292 , 292 ) ; 
INSERT INTO  Propos  VALUE  (293 , 293 ) ; 
INSERT INTO  Propos  VALUE  (294 , 294 ) ; 
INSERT INTO  Propos  VALUE  (295 , 295 ) ; 
INSERT INTO  Propos  VALUE  (296 , 296 ) ; 
INSERT INTO  Propos  VALUE  (297 , 297 ) ; 
INSERT INTO  Propos  VALUE  (298 , 298 ) ; 
INSERT INTO  Propos  VALUE  (299 , 299 ) ; 


INSERT INTO  Terminal  VALUE  (0 , 'ipad' , 802 , 'pub' ) ; 
INSERT INTO  Terminal  VALUE  (1 , 'jarvis' , 553 , 'pub' ) ; 
INSERT INTO  Terminal  VALUE  (2 , 'iphone' , 662 , 'pub' ) ; 
INSERT INTO  Terminal  VALUE  (3 , 'pc' , 691 , 'pub' ) ; 
INSERT INTO  Terminal  VALUE  (4 , 'jarvis' , 524 , 'pub' ) ; 
INSERT INTO  Terminal  VALUE  (5 , 'mp3' , 222 , 'pub' ) ; 
INSERT INTO  Terminal  VALUE  (6 , 'ipad' , 415 , 'pub' ) ; 
INSERT INTO  Terminal  VALUE  (7 , 'pc' , 688 , 'pub' ) ; 
INSERT INTO  Terminal  VALUE  (8 , 'jarvis' , 551 , 'pub' ) ; 
INSERT INTO  Terminal  VALUE  (9 , 'jarvis' , 424 , 'pub' ) ; 
INSERT INTO  Terminal  VALUE  (10 , 'mp3' , 331 , 'pub' ) ; 
INSERT INTO  Terminal  VALUE  (11 , 'audioscript' , 973 , 'pub' ) ; 
INSERT INTO  Terminal  VALUE  (12 , 'mp3' , 506 , 'pub' ) ; 
INSERT INTO  Terminal  VALUE  (13 , 'mp3' , 790 , 'pub' ) ; 
INSERT INTO  Terminal  VALUE  (14 , 'ipad' , 265 , 'pub' ) ; 
INSERT INTO  Terminal  VALUE  (15 , 'jarvis' , 967 , 'pub' ) ; 
INSERT INTO  Terminal  VALUE  (16 , 'iphone' , 872 , 'pub' ) ; 
INSERT INTO  Terminal  VALUE  (17 , 'ipad' , 527 , 'pub' ) ; 
INSERT INTO  Terminal  VALUE  (18 , 'mp3' , 549 , 'pub' ) ; 
INSERT INTO  Terminal  VALUE  (19 , 'jarvis' , 476 , 'pub' ) ; 
INSERT INTO  Terminal  VALUE  (20 , 'ipad' , 714 , 'pub' ) ; 
INSERT INTO  Terminal  VALUE  (21 , 'mp3' , 220 , 'pub' ) ; 
INSERT INTO  Terminal  VALUE  (22 , 'audioscript' , 354 , 'pub' ) ; 
INSERT INTO  Terminal  VALUE  (23 , 'iphone' , 107 , 'pub' ) ; 
INSERT INTO  Terminal  VALUE  (24 , 'audioscript' , 271 , 'pub' ) ; 
INSERT INTO  Terminal  VALUE  (25 , 'mp3' , 866 , 'pub' ) ; 
INSERT INTO  Terminal  VALUE  (26 , 'ipad' , 148 , 'pub' ) ; 
INSERT INTO  Terminal  VALUE  (27 , 'pc' , 437 , 'pub' ) ; 
INSERT INTO  Terminal  VALUE  (28 , 'jarvis' , 953 , 'pub' ) ; 
INSERT INTO  Terminal  VALUE  (29 , 'ipad' , 228 , 'pub' ) ; 
INSERT INTO  Terminal  VALUE  (30 , 'mp3' , 922 , 'pub' ) ; 
INSERT INTO  Terminal  VALUE  (31 , 'audioscript' , 149 , 'pub' ) ; 
INSERT INTO  Terminal  VALUE  (32 , 'iphone' , 522 , 'pub' ) ; 
INSERT INTO  Terminal  VALUE  (33 , 'iphone' , 867 , 'pub' ) ; 
INSERT INTO  Terminal  VALUE  (34 , 'mp3' , 86 , 'pub' ) ; 
INSERT INTO  Terminal  VALUE  (35 , 'iphone' , 602 , 'pub' ) ; 
INSERT INTO  Terminal  VALUE  (36 , 'pc' , 498 , 'pub' ) ; 
INSERT INTO  Terminal  VALUE  (37 , 'ipad' , 439 , 'pub' ) ; 
INSERT INTO  Terminal  VALUE  (38 , 'pc' , 207 , 'pub' ) ; 
INSERT INTO  Terminal  VALUE  (39 , 'jarvis' , 573 , 'pub' ) ; 
INSERT INTO  Terminal  VALUE  (40 , 'pc' , 70 , 'pub' ) ; 
INSERT INTO  Terminal  VALUE  (41 , 'mp3' , 118 , 'pub' ) ; 
INSERT INTO  Terminal  VALUE  (42 , 'audioscript' , 981 , 'pub' ) ; 
INSERT INTO  Terminal  VALUE  (43 , 'pc' , 126 , 'pub' ) ; 
INSERT INTO  Terminal  VALUE  (44 , 'pc' , 52 , 'pub' ) ; 
INSERT INTO  Terminal  VALUE  (45 , 'pc' , 224 , 'pub' ) ; 
INSERT INTO  Terminal  VALUE  (46 , 'pc' , 115 , 'pub' ) ; 
INSERT INTO  Terminal  VALUE  (47 , 'iphone' , 850 , 'pub' ) ; 
INSERT INTO  Terminal  VALUE  (48 , 'ipad' , 671 , 'pub' ) ; 
INSERT INTO  Terminal  VALUE  (49 , 'audioscript' , 428 , 'pub' ) ; 
INSERT INTO  Terminal  VALUE  (50 , 'audioscript' , 24 , 'pub' ) ; 
INSERT INTO  Terminal  VALUE  (51 , 'ipad' , 916 , 'pub' ) ; 
INSERT INTO  Terminal  VALUE  (52 , 'ipad' , 207 , 'pub' ) ; 
INSERT INTO  Terminal  VALUE  (53 , 'iphone' , 103 , 'pub' ) ; 
INSERT INTO  Terminal  VALUE  (54 , 'pc' , 501 , 'pub' ) ; 
INSERT INTO  Terminal  VALUE  (55 , 'pc' , 695 , 'pub' ) ; 
INSERT INTO  Terminal  VALUE  (56 , 'jarvis' , 797 , 'pub' ) ; 
INSERT INTO  Terminal  VALUE  (57 , 'iphone' , 701 , 'pub' ) ; 
INSERT INTO  Terminal  VALUE  (58 , 'pc' , 773 , 'pub' ) ; 
INSERT INTO  Terminal  VALUE  (59 , 'mp3' , 905 , 'pub' ) ; 
INSERT INTO  Terminal  VALUE  (60 , 'pc' , 908 , 'pub' ) ; 
INSERT INTO  Terminal  VALUE  (61 , 'pc' , 217 , 'pub' ) ; 
INSERT INTO  Terminal  VALUE  (62 , 'iphone' , 599 , 'pub' ) ; 
INSERT INTO  Terminal  VALUE  (63 , 'ipad' , 501 , 'pub' ) ; 
INSERT INTO  Terminal  VALUE  (64 , 'pc' , 289 , 'pub' ) ; 
INSERT INTO  Terminal  VALUE  (65 , 'iphone' , 126 , 'pub' ) ; 
INSERT INTO  Terminal  VALUE  (66 , 'mp3' , 326 , 'pub' ) ; 
INSERT INTO  Terminal  VALUE  (67 , 'jarvis' , 786 , 'pub' ) ; 
INSERT INTO  Terminal  VALUE  (68 , 'mp3' , 424 , 'pub' ) ; 
INSERT INTO  Terminal  VALUE  (69 , 'ipad' , 360 , 'pub' ) ; 
INSERT INTO  Terminal  VALUE  (70 , 'mp3' , 61 , 'pub' ) ; 
INSERT INTO  Terminal  VALUE  (71 , 'jarvis' , 475 , 'pub' ) ; 
INSERT INTO  Terminal  VALUE  (72 , 'mp3' , 770 , 'pub' ) ; 
INSERT INTO  Terminal  VALUE  (73 , 'ipad' , 186 , 'pub' ) ; 
INSERT INTO  Terminal  VALUE  (74 , 'jarvis' , 366 , 'pub' ) ; 
INSERT INTO  Terminal  VALUE  (75 , 'pc' , 666 , 'pub' ) ; 
INSERT INTO  Terminal  VALUE  (76 , 'jarvis' , 325 , 'pub' ) ; 
INSERT INTO  Terminal  VALUE  (77 , 'mp3' , 87 , 'pub' ) ; 
INSERT INTO  Terminal  VALUE  (78 , 'audioscript' , 142 , 'pub' ) ; 
INSERT INTO  Terminal  VALUE  (79 , 'ipad' , 958 , 'pub' ) ; 
INSERT INTO  Terminal  VALUE  (80 , 'mp3' , 302 , 'pub' ) ; 
INSERT INTO  Terminal  VALUE  (81 , 'jarvis' , 980 , 'pub' ) ; 
INSERT INTO  Terminal  VALUE  (82 , 'audioscript' , 600 , 'pub' ) ; 
INSERT INTO  Terminal  VALUE  (83 , 'ipad' , 177 , 'pub' ) ; 
INSERT INTO  Terminal  VALUE  (84 , 'audioscript' , 951 , 'pub' ) ; 
INSERT INTO  Terminal  VALUE  (85 , 'pc' , 382 , 'pub' ) ; 
INSERT INTO  Terminal  VALUE  (86 , 'pc' , 502 , 'pub' ) ; 
INSERT INTO  Terminal  VALUE  (87 , 'mp3' , 439 , 'pub' ) ; 
INSERT INTO  Terminal  VALUE  (88 , 'jarvis' , 806 , 'pub' ) ; 
INSERT INTO  Terminal  VALUE  (89 , 'iphone' , 363 , 'pub' ) ; 
INSERT INTO  Terminal  VALUE  (90 , 'jarvis' , 56 , 'pub' ) ; 
INSERT INTO  Terminal  VALUE  (91 , 'mp3' , 522 , 'pub' ) ; 
INSERT INTO  Terminal  VALUE  (92 , 'ipad' , 900 , 'pub' ) ; 
INSERT INTO  Terminal  VALUE  (93 , 'iphone' , 390 , 'pub' ) ; 
INSERT INTO  Terminal  VALUE  (94 , 'audioscript' , 143 , 'pub' ) ; 
INSERT INTO  Terminal  VALUE  (95 , 'jarvis' , 763 , 'pub' ) ; 
INSERT INTO  Terminal  VALUE  (96 , 'pc' , 733 , 'pub' ) ; 
INSERT INTO  Terminal  VALUE  (97 , 'mp3' , 402 , 'pub' ) ; 
INSERT INTO  Terminal  VALUE  (98 , 'audioscript' , 780 , 'pub' ) ; 
INSERT INTO  Terminal  VALUE  (99 , 'iphone' , 965 , 'pub' ) ; 
INSERT INTO  Terminal  VALUE  (100 , 'pc' , 13 , 'pub' ) ; 
INSERT INTO  Terminal  VALUE  (101 , 'mp3' , 723 , 'pub' ) ; 
INSERT INTO  Terminal  VALUE  (102 , 'jarvis' , 975 , 'pub' ) ; 
INSERT INTO  Terminal  VALUE  (103 , 'ipad' , 24 , 'pub' ) ; 
INSERT INTO  Terminal  VALUE  (104 , 'jarvis' , 487 , 'pub' ) ; 
INSERT INTO  Terminal  VALUE  (105 , 'audioscript' , 650 , 'pub' ) ; 
INSERT INTO  Terminal  VALUE  (106 , 'iphone' , 396 , 'pub' ) ; 
INSERT INTO  Terminal  VALUE  (107 , 'pc' , 258 , 'pub' ) ; 
INSERT INTO  Terminal  VALUE  (108 , 'jarvis' , 359 , 'pub' ) ; 
INSERT INTO  Terminal  VALUE  (109 , 'jarvis' , 827 , 'pub' ) ; 
INSERT INTO  Terminal  VALUE  (110 , 'mp3' , 503 , 'pub' ) ; 
INSERT INTO  Terminal  VALUE  (111 , 'iphone' , 655 , 'pub' ) ; 
INSERT INTO  Terminal  VALUE  (112 , 'iphone' , 107 , 'pub' ) ; 
INSERT INTO  Terminal  VALUE  (113 , 'mp3' , 735 , 'pub' ) ; 
INSERT INTO  Terminal  VALUE  (114 , 'mp3' , 55 , 'pub' ) ; 
INSERT INTO  Terminal  VALUE  (115 , 'iphone' , 515 , 'pub' ) ; 
INSERT INTO  Terminal  VALUE  (116 , 'mp3' , 729 , 'pub' ) ; 
INSERT INTO  Terminal  VALUE  (117 , 'pc' , 917 , 'pub' ) ; 
INSERT INTO  Terminal  VALUE  (118 , 'jarvis' , 157 , 'pub' ) ; 
INSERT INTO  Terminal  VALUE  (119 , 'audioscript' , 208 , 'pub' ) ; 
INSERT INTO  Terminal  VALUE  (120 , 'audioscript' , 693 , 'pub' ) ; 
INSERT INTO  Terminal  VALUE  (121 , 'pc' , 763 , 'pub' ) ; 
INSERT INTO  Terminal  VALUE  (122 , 'mp3' , 255 , 'pub' ) ; 
INSERT INTO  Terminal  VALUE  (123 , 'pc' , 23 , 'pub' ) ; 
INSERT INTO  Terminal  VALUE  (124 , 'pc' , 138 , 'pub' ) ; 
INSERT INTO  Terminal  VALUE  (125 , 'pc' , 977 , 'pub' ) ; 
INSERT INTO  Terminal  VALUE  (126 , 'mp3' , 737 , 'pub' ) ; 
INSERT INTO  Terminal  VALUE  (127 , 'jarvis' , 324 , 'pub' ) ; 
INSERT INTO  Terminal  VALUE  (128 , 'ipad' , 100 , 'pub' ) ; 
INSERT INTO  Terminal  VALUE  (129 , 'audioscript' , 44 , 'pub' ) ; 
INSERT INTO  Terminal  VALUE  (130 , 'mp3' , 50 , 'pub' ) ; 
INSERT INTO  Terminal  VALUE  (131 , 'ipad' , 498 , 'pub' ) ; 
INSERT INTO  Terminal  VALUE  (132 , 'iphone' , 817 , 'pub' ) ; 
INSERT INTO  Terminal  VALUE  (133 , 'pc' , 330 , 'pub' ) ; 
INSERT INTO  Terminal  VALUE  (134 , 'audioscript' , 497 , 'pub' ) ; 
INSERT INTO  Terminal  VALUE  (135 , 'mp3' , 397 , 'pub' ) ; 
INSERT INTO  Terminal  VALUE  (136 , 'iphone' , 371 , 'pub' ) ; 
INSERT INTO  Terminal  VALUE  (137 , 'ipad' , 628 , 'pub' ) ; 
INSERT INTO  Terminal  VALUE  (138 , 'ipad' , 124 , 'pub' ) ; 
INSERT INTO  Terminal  VALUE  (139 , 'mp3' , 278 , 'pub' ) ; 
INSERT INTO  Terminal  VALUE  (140 , 'jarvis' , 227 , 'pub' ) ; 
INSERT INTO  Terminal  VALUE  (141 , 'mp3' , 272 , 'pub' ) ; 
INSERT INTO  Terminal  VALUE  (142 , 'jarvis' , 349 , 'pub' ) ; 
INSERT INTO  Terminal  VALUE  (143 , 'mp3' , 426 , 'pub' ) ; 
INSERT INTO  Terminal  VALUE  (144 , 'ipad' , 437 , 'pub' ) ; 
INSERT INTO  Terminal  VALUE  (145 , 'ipad' , 159 , 'pub' ) ; 
INSERT INTO  Terminal  VALUE  (146 , 'audioscript' , 257 , 'pub' ) ; 
INSERT INTO  Terminal  VALUE  (147 , 'audioscript' , 964 , 'pub' ) ; 
INSERT INTO  Terminal  VALUE  (148 , 'jarvis' , 559 , 'pub' ) ; 
INSERT INTO  Terminal  VALUE  (149 , 'audioscript' , 270 , 'pub' ) ; 
INSERT INTO  Terminal  VALUE  (150 , 'ipad' , 706 , 'pub' ) ; 
INSERT INTO  Terminal  VALUE  (151 , 'ipad' , 559 , 'pub' ) ; 
INSERT INTO  Terminal  VALUE  (152 , 'ipad' , 561 , 'pub' ) ; 
INSERT INTO  Terminal  VALUE  (153 , 'mp3' , 548 , 'pub' ) ; 
INSERT INTO  Terminal  VALUE  (154 , 'audioscript' , 666 , 'pub' ) ; 
INSERT INTO  Terminal  VALUE  (155 , 'pc' , 993 , 'pub' ) ; 
INSERT INTO  Terminal  VALUE  (156 , 'iphone' , 254 , 'pub' ) ; 
INSERT INTO  Terminal  VALUE  (157 , 'pc' , 228 , 'pub' ) ; 
INSERT INTO  Terminal  VALUE  (158 , 'audioscript' , 445 , 'pub' ) ; 
INSERT INTO  Terminal  VALUE  (159 , 'iphone' , 834 , 'pub' ) ; 
INSERT INTO  Terminal  VALUE  (160 , 'iphone' , 42 , 'pub' ) ; 
INSERT INTO  Terminal  VALUE  (161 , 'ipad' , 960 , 'pub' ) ; 
INSERT INTO  Terminal  VALUE  (162 , 'pc' , 717 , 'pub' ) ; 
INSERT INTO  Terminal  VALUE  (163 , 'audioscript' , 664 , 'pub' ) ; 
INSERT INTO  Terminal  VALUE  (164 , 'jarvis' , 13 , 'pub' ) ; 
INSERT INTO  Terminal  VALUE  (165 , 'iphone' , 327 , 'pub' ) ; 
INSERT INTO  Terminal  VALUE  (166 , 'audioscript' , 504 , 'pub' ) ; 
INSERT INTO  Terminal  VALUE  (167 , 'audioscript' , 604 , 'pub' ) ; 
INSERT INTO  Terminal  VALUE  (168 , 'audioscript' , 670 , 'pub' ) ; 
INSERT INTO  Terminal  VALUE  (169 , 'pc' , 617 , 'pub' ) ; 
INSERT INTO  Terminal  VALUE  (170 , 'audioscript' , 529 , 'pub' ) ; 
INSERT INTO  Terminal  VALUE  (171 , 'ipad' , 93 , 'pub' ) ; 
INSERT INTO  Terminal  VALUE  (172 , 'iphone' , 822 , 'pub' ) ; 
INSERT INTO  Terminal  VALUE  (173 , 'mp3' , 918 , 'pub' ) ; 
INSERT INTO  Terminal  VALUE  (174 , 'mp3' , 605 , 'pub' ) ; 
INSERT INTO  Terminal  VALUE  (175 , 'audioscript' , 155 , 'pub' ) ; 
INSERT INTO  Terminal  VALUE  (176 , 'mp3' , 436 , 'pub' ) ; 
INSERT INTO  Terminal  VALUE  (177 , 'pc' , 919 , 'pub' ) ; 
INSERT INTO  Terminal  VALUE  (178 , 'audioscript' , 948 , 'pub' ) ; 
INSERT INTO  Terminal  VALUE  (179 , 'pc' , 620 , 'pub' ) ; 
INSERT INTO  Terminal  VALUE  (180 , 'mp3' , 473 , 'pub' ) ; 
INSERT INTO  Terminal  VALUE  (181 , 'audioscript' , 989 , 'pub' ) ; 
INSERT INTO  Terminal  VALUE  (182 , 'audioscript' , 609 , 'pub' ) ; 
INSERT INTO  Terminal  VALUE  (183 , 'mp3' , 21 , 'pub' ) ; 
INSERT INTO  Terminal  VALUE  (184 , 'iphone' , 997 , 'pub' ) ; 
INSERT INTO  Terminal  VALUE  (185 , 'iphone' , 384 , 'pub' ) ; 
INSERT INTO  Terminal  VALUE  (186 , 'iphone' , 399 , 'pub' ) ; 
INSERT INTO  Terminal  VALUE  (187 , 'ipad' , 151 , 'pub' ) ; 
INSERT INTO  Terminal  VALUE  (188 , 'jarvis' , 95 , 'pub' ) ; 
INSERT INTO  Terminal  VALUE  (189 , 'ipad' , 701 , 'pub' ) ; 
INSERT INTO  Terminal  VALUE  (190 , 'pc' , 997 , 'pub' ) ; 
INSERT INTO  Terminal  VALUE  (191 , 'ipad' , 483 , 'pub' ) ; 
INSERT INTO  Terminal  VALUE  (192 , 'jarvis' , 391 , 'pub' ) ; 
INSERT INTO  Terminal  VALUE  (193 , 'pc' , 895 , 'pub' ) ; 
INSERT INTO  Terminal  VALUE  (194 , 'pc' , 127 , 'pub' ) ; 
INSERT INTO  Terminal  VALUE  (195 , 'pc' , 945 , 'pub' ) ; 
INSERT INTO  Terminal  VALUE  (196 , 'mp3' , 184 , 'pub' ) ; 
INSERT INTO  Terminal  VALUE  (197 , 'pc' , 484 , 'pub' ) ; 
INSERT INTO  Terminal  VALUE  (198 , 'jarvis' , 983 , 'pub' ) ; 
INSERT INTO  Terminal  VALUE  (199 , 'mp3' , 762 , 'pub' ) ; 
INSERT INTO  Terminal  VALUE  (200 , 'iphone' , 508 , 'pub' ) ; 
INSERT INTO  Terminal  VALUE  (201 , 'pc' , 773 , 'pub' ) ; 
INSERT INTO  Terminal  VALUE  (202 , 'pc' , 302 , 'pub' ) ; 
INSERT INTO  Terminal  VALUE  (203 , 'jarvis' , 339 , 'pub' ) ; 
INSERT INTO  Terminal  VALUE  (204 , 'audioscript' , 637 , 'pub' ) ; 
INSERT INTO  Terminal  VALUE  (205 , 'jarvis' , 202 , 'pub' ) ; 
INSERT INTO  Terminal  VALUE  (206 , 'mp3' , 750 , 'pub' ) ; 
INSERT INTO  Terminal  VALUE  (207 , 'ipad' , 409 , 'pub' ) ; 
INSERT INTO  Terminal  VALUE  (208 , 'mp3' , 822 , 'pub' ) ; 
INSERT INTO  Terminal  VALUE  (209 , 'iphone' , 164 , 'pub' ) ; 
INSERT INTO  Terminal  VALUE  (210 , 'jarvis' , 520 , 'pub' ) ; 
INSERT INTO  Terminal  VALUE  (211 , 'ipad' , 918 , 'pub' ) ; 
INSERT INTO  Terminal  VALUE  (212 , 'ipad' , 299 , 'pub' ) ; 
INSERT INTO  Terminal  VALUE  (213 , 'jarvis' , 888 , 'pub' ) ; 
INSERT INTO  Terminal  VALUE  (214 , 'jarvis' , 324 , 'pub' ) ; 
INSERT INTO  Terminal  VALUE  (215 , 'pc' , 375 , 'pub' ) ; 
INSERT INTO  Terminal  VALUE  (216 , 'pc' , 859 , 'pub' ) ; 
INSERT INTO  Terminal  VALUE  (217 , 'ipad' , 240 , 'pub' ) ; 
INSERT INTO  Terminal  VALUE  (218 , 'jarvis' , 166 , 'pub' ) ; 
INSERT INTO  Terminal  VALUE  (219 , 'iphone' , 624 , 'pub' ) ; 
INSERT INTO  Terminal  VALUE  (220 , 'jarvis' , 498 , 'pub' ) ; 
INSERT INTO  Terminal  VALUE  (221 , 'pc' , 537 , 'pub' ) ; 
INSERT INTO  Terminal  VALUE  (222 , 'ipad' , 569 , 'pub' ) ; 
INSERT INTO  Terminal  VALUE  (223 , 'iphone' , 283 , 'pub' ) ; 
INSERT INTO  Terminal  VALUE  (224 , 'iphone' , 943 , 'pub' ) ; 
INSERT INTO  Terminal  VALUE  (225 , 'ipad' , 719 , 'pub' ) ; 
INSERT INTO  Terminal  VALUE  (226 , 'jarvis' , 166 , 'pub' ) ; 
INSERT INTO  Terminal  VALUE  (227 , 'audioscript' , 304 , 'pub' ) ; 
INSERT INTO  Terminal  VALUE  (228 , 'audioscript' , 97 , 'pub' ) ; 
INSERT INTO  Terminal  VALUE  (229 , 'pc' , 477 , 'pub' ) ; 
INSERT INTO  Terminal  VALUE  (230 , 'iphone' , 812 , 'pub' ) ; 
INSERT INTO  Terminal  VALUE  (231 , 'audioscript' , 385 , 'pub' ) ; 
INSERT INTO  Terminal  VALUE  (232 , 'jarvis' , 671 , 'pub' ) ; 
INSERT INTO  Terminal  VALUE  (233 , 'ipad' , 196 , 'pub' ) ; 
INSERT INTO  Terminal  VALUE  (234 , 'jarvis' , 620 , 'pub' ) ; 
INSERT INTO  Terminal  VALUE  (235 , 'iphone' , 208 , 'pub' ) ; 
INSERT INTO  Terminal  VALUE  (236 , 'audioscript' , 548 , 'pub' ) ; 
INSERT INTO  Terminal  VALUE  (237 , 'jarvis' , 792 , 'pub' ) ; 
INSERT INTO  Terminal  VALUE  (238 , 'mp3' , 603 , 'pub' ) ; 
INSERT INTO  Terminal  VALUE  (239 , 'iphone' , 717 , 'pub' ) ; 
INSERT INTO  Terminal  VALUE  (240 , 'pc' , 664 , 'pub' ) ; 
INSERT INTO  Terminal  VALUE  (241 , 'iphone' , 802 , 'pub' ) ; 
INSERT INTO  Terminal  VALUE  (242 , 'jarvis' , 803 , 'pub' ) ; 
INSERT INTO  Terminal  VALUE  (243 , 'pc' , 921 , 'pub' ) ; 
INSERT INTO  Terminal  VALUE  (244 , 'iphone' , 441 , 'pub' ) ; 
INSERT INTO  Terminal  VALUE  (245 , 'audioscript' , 327 , 'pub' ) ; 
INSERT INTO  Terminal  VALUE  (246 , 'audioscript' , 96 , 'pub' ) ; 
INSERT INTO  Terminal  VALUE  (247 , 'jarvis' , 934 , 'pub' ) ; 
INSERT INTO  Terminal  VALUE  (248 , 'ipad' , 55 , 'pub' ) ; 
INSERT INTO  Terminal  VALUE  (249 , 'pc' , 666 , 'pub' ) ; 
INSERT INTO  Terminal  VALUE  (250 , 'audioscript' , 57 , 'pub' ) ; 
INSERT INTO  Terminal  VALUE  (251 , 'ipad' , 234 , 'pub' ) ; 
INSERT INTO  Terminal  VALUE  (252 , 'mp3' , 70 , 'pub' ) ; 
INSERT INTO  Terminal  VALUE  (253 , 'iphone' , 748 , 'pub' ) ; 
INSERT INTO  Terminal  VALUE  (254 , 'mp3' , 565 , 'pub' ) ; 
INSERT INTO  Terminal  VALUE  (255 , 'audioscript' , 350 , 'pub' ) ; 
INSERT INTO  Terminal  VALUE  (256 , 'ipad' , 240 , 'pub' ) ; 
INSERT INTO  Terminal  VALUE  (257 , 'audioscript' , 701 , 'pub' ) ; 
INSERT INTO  Terminal  VALUE  (258 , 'iphone' , 51 , 'pub' ) ; 
INSERT INTO  Terminal  VALUE  (259 , 'audioscript' , 468 , 'pub' ) ; 
INSERT INTO  Terminal  VALUE  (260 , 'ipad' , 491 , 'pub' ) ; 
INSERT INTO  Terminal  VALUE  (261 , 'mp3' , 170 , 'pub' ) ; 
INSERT INTO  Terminal  VALUE  (262 , 'mp3' , 543 , 'pub' ) ; 
INSERT INTO  Terminal  VALUE  (263 , 'jarvis' , 659 , 'pub' ) ; 
INSERT INTO  Terminal  VALUE  (264 , 'audioscript' , 384 , 'pub' ) ; 
INSERT INTO  Terminal  VALUE  (265 , 'jarvis' , 208 , 'pub' ) ; 
INSERT INTO  Terminal  VALUE  (266 , 'ipad' , 931 , 'pub' ) ; 
INSERT INTO  Terminal  VALUE  (267 , 'jarvis' , 724 , 'pub' ) ; 
INSERT INTO  Terminal  VALUE  (268 , 'mp3' , 592 , 'pub' ) ; 
INSERT INTO  Terminal  VALUE  (269 , 'audioscript' , 861 , 'pub' ) ; 
INSERT INTO  Terminal  VALUE  (270 , 'mp3' , 99 , 'pub' ) ; 
INSERT INTO  Terminal  VALUE  (271 , 'audioscript' , 853 , 'pub' ) ; 
INSERT INTO  Terminal  VALUE  (272 , 'ipad' , 171 , 'pub' ) ; 
INSERT INTO  Terminal  VALUE  (273 , 'mp3' , 786 , 'pub' ) ; 
INSERT INTO  Terminal  VALUE  (274 , 'mp3' , 841 , 'pub' ) ; 
INSERT INTO  Terminal  VALUE  (275 , 'audioscript' , 591 , 'pub' ) ; 
INSERT INTO  Terminal  VALUE  (276 , 'iphone' , 664 , 'pub' ) ; 
INSERT INTO  Terminal  VALUE  (277 , 'pc' , 495 , 'pub' ) ; 
INSERT INTO  Terminal  VALUE  (278 , 'ipad' , 730 , 'pub' ) ; 
INSERT INTO  Terminal  VALUE  (279 , 'iphone' , 828 , 'pub' ) ; 
INSERT INTO  Terminal  VALUE  (280 , 'ipad' , 322 , 'pub' ) ; 
INSERT INTO  Terminal  VALUE  (281 , 'iphone' , 75 , 'pub' ) ; 
INSERT INTO  Terminal  VALUE  (282 , 'audioscript' , 323 , 'pub' ) ; 
INSERT INTO  Terminal  VALUE  (283 , 'pc' , 780 , 'pub' ) ; 
INSERT INTO  Terminal  VALUE  (284 , 'iphone' , 976 , 'pub' ) ; 
INSERT INTO  Terminal  VALUE  (285 , 'pc' , 489 , 'pub' ) ; 
INSERT INTO  Terminal  VALUE  (286 , 'pc' , 398 , 'pub' ) ; 
INSERT INTO  Terminal  VALUE  (287 , 'iphone' , 187 , 'pub' ) ; 
INSERT INTO  Terminal  VALUE  (288 , 'pc' , 351 , 'pub' ) ; 
INSERT INTO  Terminal  VALUE  (289 , 'mp3' , 798 , 'pub' ) ; 
INSERT INTO  Terminal  VALUE  (290 , 'iphone' , 100 , 'pub' ) ; 
INSERT INTO  Terminal  VALUE  (291 , 'ipad' , 209 , 'pub' ) ; 
INSERT INTO  Terminal  VALUE  (292 , 'mp3' , 850 , 'pub' ) ; 
INSERT INTO  Terminal  VALUE  (293 , 'iphone' , 898 , 'pub' ) ; 
INSERT INTO  Terminal  VALUE  (294 , 'iphone' , 183 , 'pub' ) ; 
INSERT INTO  Terminal  VALUE  (295 , 'jarvis' , 725 , 'pub' ) ; 
INSERT INTO  Terminal  VALUE  (296 , 'audioscript' , 93 , 'pub' ) ; 
INSERT INTO  Terminal  VALUE  (297 , 'ipad' , 633 , 'pub' ) ; 
INSERT INTO  Terminal  VALUE  (298 , 'mp3' , 736 , 'pub' ) ; 
INSERT INTO  Terminal  VALUE  (299 , 'mp3' , 27 , 'pub' ) ; 
INSERT INTO  Terminal  VALUE  (300 , 'audioscript' , 752 , 'pub' ) ; 
INSERT INTO  Terminal  VALUE  (301 , 'jarvis' , 371 , 'pub' ) ; 
INSERT INTO  Terminal  VALUE  (302 , 'pc' , 73 , 'pub' ) ; 
INSERT INTO  Terminal  VALUE  (303 , 'pc' , 115 , 'pub' ) ; 
INSERT INTO  Terminal  VALUE  (304 , 'audioscript' , 468 , 'pub' ) ; 
INSERT INTO  Terminal  VALUE  (305 , 'mp3' , 392 , 'pub' ) ; 
INSERT INTO  Terminal  VALUE  (306 , 'mp3' , 676 , 'pub' ) ; 
INSERT INTO  Terminal  VALUE  (307 , 'pc' , 79 , 'pub' ) ; 
INSERT INTO  Terminal  VALUE  (308 , 'pc' , 871 , 'pub' ) ; 
INSERT INTO  Terminal  VALUE  (309 , 'pc' , 689 , 'pub' ) ; 
INSERT INTO  Terminal  VALUE  (310 , 'iphone' , 376 , 'pub' ) ; 
INSERT INTO  Terminal  VALUE  (311 , 'jarvis' , 281 , 'pub' ) ; 
INSERT INTO  Terminal  VALUE  (312 , 'iphone' , 10 , 'pub' ) ; 
INSERT INTO  Terminal  VALUE  (313 , 'iphone' , 24 , 'pub' ) ; 
INSERT INTO  Terminal  VALUE  (314 , 'pc' , 159 , 'pub' ) ; 
INSERT INTO  Terminal  VALUE  (315 , 'jarvis' , 313 , 'pub' ) ; 
INSERT INTO  Terminal  VALUE  (316 , 'mp3' , 711 , 'pub' ) ; 
INSERT INTO  Terminal  VALUE  (317 , 'iphone' , 351 , 'pub' ) ; 
INSERT INTO  Terminal  VALUE  (318 , 'mp3' , 270 , 'pub' ) ; 
INSERT INTO  Terminal  VALUE  (319 , 'pc' , 959 , 'pub' ) ; 
INSERT INTO  Terminal  VALUE  (320 , 'iphone' , 651 , 'pub' ) ; 
INSERT INTO  Terminal  VALUE  (321 , 'audioscript' , 927 , 'pub' ) ; 
INSERT INTO  Terminal  VALUE  (322 , 'audioscript' , 522 , 'pub' ) ; 
INSERT INTO  Terminal  VALUE  (323 , 'audioscript' , 625 , 'pub' ) ; 
INSERT INTO  Terminal  VALUE  (324 , 'audioscript' , 191 , 'pub' ) ; 
INSERT INTO  Terminal  VALUE  (325 , 'pc' , 742 , 'pub' ) ; 
INSERT INTO  Terminal  VALUE  (326 , 'pc' , 972 , 'pub' ) ; 
INSERT INTO  Terminal  VALUE  (327 , 'mp3' , 960 , 'pub' ) ; 
INSERT INTO  Terminal  VALUE  (328 , 'iphone' , 248 , 'pub' ) ; 
INSERT INTO  Terminal  VALUE  (329 , 'jarvis' , 83 , 'pub' ) ; 
INSERT INTO  Terminal  VALUE  (330 , 'pc' , 368 , 'pub' ) ; 
INSERT INTO  Terminal  VALUE  (331 , 'audioscript' , 652 , 'pub' ) ; 
INSERT INTO  Terminal  VALUE  (332 , 'audioscript' , 737 , 'pub' ) ; 
INSERT INTO  Terminal  VALUE  (333 , 'audioscript' , 357 , 'pub' ) ; 
INSERT INTO  Terminal  VALUE  (334 , 'iphone' , 41 , 'pub' ) ; 
INSERT INTO  Terminal  VALUE  (335 , 'ipad' , 609 , 'pub' ) ; 
INSERT INTO  Terminal  VALUE  (336 , 'mp3' , 375 , 'pub' ) ; 
INSERT INTO  Terminal  VALUE  (337 , 'ipad' , 504 , 'pub' ) ; 
INSERT INTO  Terminal  VALUE  (338 , 'jarvis' , 127 , 'pub' ) ; 
INSERT INTO  Terminal  VALUE  (339 , 'audioscript' , 2 , 'pub' ) ; 
INSERT INTO  Terminal  VALUE  (340 , 'mp3' , 885 , 'pub' ) ; 
INSERT INTO  Terminal  VALUE  (341 , 'iphone' , 598 , 'pub' ) ; 
INSERT INTO  Terminal  VALUE  (342 , 'ipad' , 313 , 'pub' ) ; 
INSERT INTO  Terminal  VALUE  (343 , 'iphone' , 893 , 'pub' ) ; 
INSERT INTO  Terminal  VALUE  (344 , 'pc' , 866 , 'pub' ) ; 
INSERT INTO  Terminal  VALUE  (345 , 'iphone' , 499 , 'pub' ) ; 
INSERT INTO  Terminal  VALUE  (346 , 'jarvis' , 484 , 'pub' ) ; 
INSERT INTO  Terminal  VALUE  (347 , 'mp3' , 424 , 'pub' ) ; 
INSERT INTO  Terminal  VALUE  (348 , 'jarvis' , 892 , 'pub' ) ; 
INSERT INTO  Terminal  VALUE  (349 , 'jarvis' , 631 , 'pub' ) ; 
INSERT INTO  Terminal  VALUE  (350 , 'mp3' , 957 , 'pub' ) ; 
INSERT INTO  Terminal  VALUE  (351 , 'iphone' , 782 , 'pub' ) ; 
INSERT INTO  Terminal  VALUE  (352 , 'audioscript' , 605 , 'pub' ) ; 
INSERT INTO  Terminal  VALUE  (353 , 'iphone' , 255 , 'pub' ) ; 
INSERT INTO  Terminal  VALUE  (354 , 'mp3' , 194 , 'pub' ) ; 
INSERT INTO  Terminal  VALUE  (355 , 'ipad' , 422 , 'pub' ) ; 
INSERT INTO  Terminal  VALUE  (356 , 'jarvis' , 842 , 'pub' ) ; 
INSERT INTO  Terminal  VALUE  (357 , 'pc' , 817 , 'pub' ) ; 
INSERT INTO  Terminal  VALUE  (358 , 'ipad' , 167 , 'pub' ) ; 
INSERT INTO  Terminal  VALUE  (359 , 'mp3' , 260 , 'pub' ) ; 
INSERT INTO  Terminal  VALUE  (360 , 'ipad' , 84 , 'pub' ) ; 
INSERT INTO  Terminal  VALUE  (361 , 'mp3' , 234 , 'pub' ) ; 
INSERT INTO  Terminal  VALUE  (362 , 'iphone' , 775 , 'pub' ) ; 
INSERT INTO  Terminal  VALUE  (363 , 'mp3' , 815 , 'pub' ) ; 
INSERT INTO  Terminal  VALUE  (364 , 'audioscript' , 761 , 'pub' ) ; 
INSERT INTO  Terminal  VALUE  (365 , 'mp3' , 203 , 'pub' ) ; 
INSERT INTO  Terminal  VALUE  (366 , 'jarvis' , 981 , 'pub' ) ; 
INSERT INTO  Terminal  VALUE  (367 , 'mp3' , 530 , 'pub' ) ; 
INSERT INTO  Terminal  VALUE  (368 , 'audioscript' , 197 , 'pub' ) ; 
INSERT INTO  Terminal  VALUE  (369 , 'iphone' , 888 , 'pub' ) ; 
INSERT INTO  Terminal  VALUE  (370 , 'iphone' , 574 , 'pub' ) ; 
INSERT INTO  Terminal  VALUE  (371 , 'audioscript' , 725 , 'pub' ) ; 
INSERT INTO  Terminal  VALUE  (372 , 'ipad' , 234 , 'pub' ) ; 
INSERT INTO  Terminal  VALUE  (373 , 'audioscript' , 583 , 'pub' ) ; 
INSERT INTO  Terminal  VALUE  (374 , 'mp3' , 723 , 'pub' ) ; 
INSERT INTO  Terminal  VALUE  (375 , 'iphone' , 924 , 'pub' ) ; 
INSERT INTO  Terminal  VALUE  (376 , 'pc' , 807 , 'pub' ) ; 
INSERT INTO  Terminal  VALUE  (377 , 'ipad' , 189 , 'pub' ) ; 
INSERT INTO  Terminal  VALUE  (378 , 'pc' , 719 , 'pub' ) ; 
INSERT INTO  Terminal  VALUE  (379 , 'audioscript' , 520 , 'pub' ) ; 
INSERT INTO  Terminal  VALUE  (380 , 'pc' , 29 , 'pub' ) ; 
INSERT INTO  Terminal  VALUE  (381 , 'ipad' , 621 , 'pub' ) ; 
INSERT INTO  Terminal  VALUE  (382 , 'pc' , 584 , 'pub' ) ; 
INSERT INTO  Terminal  VALUE  (383 , 'ipad' , 998 , 'pub' ) ; 
INSERT INTO  Terminal  VALUE  (384 , 'mp3' , 548 , 'pub' ) ; 
INSERT INTO  Terminal  VALUE  (385 , 'pc' , 474 , 'pub' ) ; 
INSERT INTO  Terminal  VALUE  (386 , 'mp3' , 444 , 'pub' ) ; 
INSERT INTO  Terminal  VALUE  (387 , 'iphone' , 195 , 'pub' ) ; 
INSERT INTO  Terminal  VALUE  (388 , 'ipad' , 223 , 'pub' ) ; 
INSERT INTO  Terminal  VALUE  (389 , 'jarvis' , 551 , 'pub' ) ; 
INSERT INTO  Terminal  VALUE  (390 , 'iphone' , 826 , 'pub' ) ; 
INSERT INTO  Terminal  VALUE  (391 , 'iphone' , 318 , 'pub' ) ; 
INSERT INTO  Terminal  VALUE  (392 , 'jarvis' , 399 , 'pub' ) ; 
INSERT INTO  Terminal  VALUE  (393 , 'iphone' , 112 , 'pub' ) ; 
INSERT INTO  Terminal  VALUE  (394 , 'ipad' , 300 , 'pub' ) ; 
INSERT INTO  Terminal  VALUE  (395 , 'jarvis' , 687 , 'pub' ) ; 
INSERT INTO  Terminal  VALUE  (396 , 'iphone' , 327 , 'pub' ) ; 
INSERT INTO  Terminal  VALUE  (397 , 'jarvis' , 927 , 'pub' ) ; 
INSERT INTO  Terminal  VALUE  (398 , 'ipad' , 114 , 'pub' ) ; 
INSERT INTO  Terminal  VALUE  (399 , 'jarvis' , 438 , 'pub' ) ; 
INSERT INTO  Terminal  VALUE  (400 , 'audioscript' , 496 , 'pub' ) ; 
INSERT INTO  Terminal  VALUE  (401 , 'audioscript' , 484 , 'pub' ) ; 
INSERT INTO  Terminal  VALUE  (402 , 'pc' , 738 , 'pub' ) ; 
INSERT INTO  Terminal  VALUE  (403 , 'mp3' , 641 , 'pub' ) ; 
INSERT INTO  Terminal  VALUE  (404 , 'pc' , 926 , 'pub' ) ; 
INSERT INTO  Terminal  VALUE  (405 , 'jarvis' , 957 , 'pub' ) ; 
INSERT INTO  Terminal  VALUE  (406 , 'iphone' , 480 , 'pub' ) ; 
INSERT INTO  Terminal  VALUE  (407 , 'pc' , 574 , 'pub' ) ; 
INSERT INTO  Terminal  VALUE  (408 , 'iphone' , 708 , 'pub' ) ; 
INSERT INTO  Terminal  VALUE  (409 , 'iphone' , 773 , 'pub' ) ; 
INSERT INTO  Terminal  VALUE  (410 , 'mp3' , 573 , 'pub' ) ; 
INSERT INTO  Terminal  VALUE  (411 , 'jarvis' , 112 , 'pub' ) ; 
INSERT INTO  Terminal  VALUE  (412 , 'pc' , 313 , 'pub' ) ; 
INSERT INTO  Terminal  VALUE  (413 , 'iphone' , 886 , 'pub' ) ; 
INSERT INTO  Terminal  VALUE  (414 , 'pc' , 413 , 'pub' ) ; 
INSERT INTO  Terminal  VALUE  (415 , 'audioscript' , 461 , 'pub' ) ; 
INSERT INTO  Terminal  VALUE  (416 , 'jarvis' , 467 , 'pub' ) ; 
INSERT INTO  Terminal  VALUE  (417 , 'jarvis' , 85 , 'pub' ) ; 
INSERT INTO  Terminal  VALUE  (418 , 'ipad' , 830 , 'pub' ) ; 
INSERT INTO  Terminal  VALUE  (419 , 'pc' , 709 , 'pub' ) ; 
INSERT INTO  Terminal  VALUE  (420 , 'audioscript' , 628 , 'pub' ) ; 
INSERT INTO  Terminal  VALUE  (421 , 'ipad' , 964 , 'pub' ) ; 
INSERT INTO  Terminal  VALUE  (422 , 'jarvis' , 583 , 'pub' ) ; 
INSERT INTO  Terminal  VALUE  (423 , 'pc' , 910 , 'pub' ) ; 
INSERT INTO  Terminal  VALUE  (424 , 'iphone' , 341 , 'pub' ) ; 
INSERT INTO  Terminal  VALUE  (425 , 'iphone' , 371 , 'pub' ) ; 
INSERT INTO  Terminal  VALUE  (426 , 'iphone' , 463 , 'pub' ) ; 
INSERT INTO  Terminal  VALUE  (427 , 'iphone' , 684 , 'pub' ) ; 
INSERT INTO  Terminal  VALUE  (428 , 'ipad' , 9 , 'pub' ) ; 
INSERT INTO  Terminal  VALUE  (429 , 'ipad' , 461 , 'pub' ) ; 
INSERT INTO  Terminal  VALUE  (430 , 'ipad' , 686 , 'pub' ) ; 
INSERT INTO  Terminal  VALUE  (431 , 'iphone' , 549 , 'pub' ) ; 
INSERT INTO  Terminal  VALUE  (432 , 'iphone' , 876 , 'pub' ) ; 
INSERT INTO  Terminal  VALUE  (433 , 'jarvis' , 677 , 'pub' ) ; 
INSERT INTO  Terminal  VALUE  (434 , 'audioscript' , 461 , 'pub' ) ; 
INSERT INTO  Terminal  VALUE  (435 , 'jarvis' , 457 , 'pub' ) ; 
INSERT INTO  Terminal  VALUE  (436 , 'jarvis' , 238 , 'pub' ) ; 
INSERT INTO  Terminal  VALUE  (437 , 'ipad' , 268 , 'pub' ) ; 
INSERT INTO  Terminal  VALUE  (438 , 'ipad' , 925 , 'pub' ) ; 
INSERT INTO  Terminal  VALUE  (439 , 'iphone' , 262 , 'pub' ) ; 
INSERT INTO  Terminal  VALUE  (440 , 'audioscript' , 184 , 'pub' ) ; 
INSERT INTO  Terminal  VALUE  (441 , 'audioscript' , 202 , 'pub' ) ; 
INSERT INTO  Terminal  VALUE  (442 , 'jarvis' , 824 , 'pub' ) ; 
INSERT INTO  Terminal  VALUE  (443 , 'iphone' , 86 , 'pub' ) ; 
INSERT INTO  Terminal  VALUE  (444 , 'jarvis' , 393 , 'pub' ) ; 
INSERT INTO  Terminal  VALUE  (445 , 'ipad' , 545 , 'pub' ) ; 
INSERT INTO  Terminal  VALUE  (446 , 'mp3' , 619 , 'pub' ) ; 
INSERT INTO  Terminal  VALUE  (447 , 'mp3' , 814 , 'pub' ) ; 
INSERT INTO  Terminal  VALUE  (448 , 'jarvis' , 779 , 'pub' ) ; 
INSERT INTO  Terminal  VALUE  (449 , 'pc' , 681 , 'pub' ) ; 
INSERT INTO  Terminal  VALUE  (450 , 'ipad' , 924 , 'pub' ) ; 
INSERT INTO  Terminal  VALUE  (451 , 'audioscript' , 178 , 'pub' ) ; 
INSERT INTO  Terminal  VALUE  (452 , 'iphone' , 8 , 'pub' ) ; 
INSERT INTO  Terminal  VALUE  (453 , 'jarvis' , 951 , 'pub' ) ; 
INSERT INTO  Terminal  VALUE  (454 , 'ipad' , 432 , 'pub' ) ; 
INSERT INTO  Terminal  VALUE  (455 , 'ipad' , 170 , 'pub' ) ; 
INSERT INTO  Terminal  VALUE  (456 , 'mp3' , 183 , 'pub' ) ; 
INSERT INTO  Terminal  VALUE  (457 , 'pc' , 574 , 'pub' ) ; 
INSERT INTO  Terminal  VALUE  (458 , 'jarvis' , 743 , 'pub' ) ; 
INSERT INTO  Terminal  VALUE  (459 , 'audioscript' , 739 , 'pub' ) ; 
INSERT INTO  Terminal  VALUE  (460 , 'audioscript' , 230 , 'pub' ) ; 
INSERT INTO  Terminal  VALUE  (461 , 'mp3' , 933 , 'pub' ) ; 
INSERT INTO  Terminal  VALUE  (462 , 'ipad' , 747 , 'pub' ) ; 
INSERT INTO  Terminal  VALUE  (463 , 'ipad' , 6 , 'pub' ) ; 
INSERT INTO  Terminal  VALUE  (464 , 'iphone' , 767 , 'pub' ) ; 
INSERT INTO  Terminal  VALUE  (465 , 'mp3' , 583 , 'pub' ) ; 
INSERT INTO  Terminal  VALUE  (466 , 'pc' , 490 , 'pub' ) ; 
INSERT INTO  Terminal  VALUE  (467 , 'mp3' , 469 , 'pub' ) ; 
INSERT INTO  Terminal  VALUE  (468 , 'iphone' , 489 , 'pub' ) ; 
INSERT INTO  Terminal  VALUE  (469 , 'pc' , 581 , 'pub' ) ; 
INSERT INTO  Terminal  VALUE  (470 , 'pc' , 654 , 'pub' ) ; 
INSERT INTO  Terminal  VALUE  (471 , 'jarvis' , 910 , 'pub' ) ; 
INSERT INTO  Terminal  VALUE  (472 , 'audioscript' , 364 , 'pub' ) ; 
INSERT INTO  Terminal  VALUE  (473 , 'iphone' , 974 , 'pub' ) ; 
INSERT INTO  Terminal  VALUE  (474 , 'ipad' , 96 , 'pub' ) ; 
INSERT INTO  Terminal  VALUE  (475 , 'ipad' , 995 , 'pub' ) ; 
INSERT INTO  Terminal  VALUE  (476 , 'ipad' , 162 , 'pub' ) ; 
INSERT INTO  Terminal  VALUE  (477 , 'jarvis' , 554 , 'pub' ) ; 
INSERT INTO  Terminal  VALUE  (478 , 'mp3' , 74 , 'pub' ) ; 
INSERT INTO  Terminal  VALUE  (479 , 'pc' , 773 , 'pub' ) ; 
INSERT INTO  Terminal  VALUE  (480 , 'ipad' , 119 , 'pub' ) ; 
INSERT INTO  Terminal  VALUE  (481 , 'ipad' , 223 , 'pub' ) ; 
INSERT INTO  Terminal  VALUE  (482 , 'jarvis' , 91 , 'pub' ) ; 
INSERT INTO  Terminal  VALUE  (483 , 'jarvis' , 551 , 'pub' ) ; 
INSERT INTO  Terminal  VALUE  (484 , 'ipad' , 749 , 'pub' ) ; 
INSERT INTO  Terminal  VALUE  (485 , 'jarvis' , 566 , 'pub' ) ; 
INSERT INTO  Terminal  VALUE  (486 , 'pc' , 512 , 'pub' ) ; 
INSERT INTO  Terminal  VALUE  (487 , 'jarvis' , 877 , 'pub' ) ; 
INSERT INTO  Terminal  VALUE  (488 , 'pc' , 109 , 'pub' ) ; 
INSERT INTO  Terminal  VALUE  (489 , 'jarvis' , 477 , 'pub' ) ; 
INSERT INTO  Terminal  VALUE  (490 , 'audioscript' , 356 , 'pub' ) ; 
INSERT INTO  Terminal  VALUE  (491 , 'mp3' , 590 , 'pub' ) ; 
INSERT INTO  Terminal  VALUE  (492 , 'mp3' , 45 , 'pub' ) ; 
INSERT INTO  Terminal  VALUE  (493 , 'ipad' , 945 , 'pub' ) ; 
INSERT INTO  Terminal  VALUE  (494 , 'ipad' , 937 , 'pub' ) ; 
INSERT INTO  Terminal  VALUE  (495 , 'ipad' , 168 , 'pub' ) ; 
INSERT INTO  Terminal  VALUE  (496 , 'mp3' , 201 , 'pub' ) ; 
INSERT INTO  Terminal  VALUE  (497 , 'ipad' , 332 , 'pub' ) ; 
INSERT INTO  Terminal  VALUE  (498 , 'audioscript' , 254 , 'pub' ) ; 
INSERT INTO  Terminal  VALUE  (499 , 'jarvis' , 846 , 'pub' ) ; 


INSERT INTO  Utilise  VALUE  ( 0 , 499 ) ; 
INSERT INTO  Utilise  VALUE  ( 1 , 498 ) ; 
INSERT INTO  Utilise  VALUE  ( 2 , 497 ) ; 
INSERT INTO  Utilise  VALUE  ( 3 , 496 ) ; 
INSERT INTO  Utilise  VALUE  ( 4 , 495 ) ; 
INSERT INTO  Utilise  VALUE  ( 5 , 494 ) ; 
INSERT INTO  Utilise  VALUE  ( 6 , 493 ) ; 
INSERT INTO  Utilise  VALUE  ( 7 , 492 ) ; 
INSERT INTO  Utilise  VALUE  ( 8 , 491 ) ; 
INSERT INTO  Utilise  VALUE  ( 9 , 490 ) ; 
INSERT INTO  Utilise  VALUE  ( 10 , 489 ) ; 
INSERT INTO  Utilise  VALUE  ( 11 , 488 ) ; 
INSERT INTO  Utilise  VALUE  ( 12 , 487 ) ; 
INSERT INTO  Utilise  VALUE  ( 13 , 486 ) ; 
INSERT INTO  Utilise  VALUE  ( 14 , 485 ) ; 
INSERT INTO  Utilise  VALUE  ( 15 , 484 ) ; 
INSERT INTO  Utilise  VALUE  ( 16 , 483 ) ; 
INSERT INTO  Utilise  VALUE  ( 17 , 482 ) ; 
INSERT INTO  Utilise  VALUE  ( 18 , 481 ) ; 
INSERT INTO  Utilise  VALUE  ( 19 , 480 ) ; 
INSERT INTO  Utilise  VALUE  ( 20 , 479 ) ; 
INSERT INTO  Utilise  VALUE  ( 21 , 478 ) ; 
INSERT INTO  Utilise  VALUE  ( 22 , 477 ) ; 
INSERT INTO  Utilise  VALUE  ( 23 , 476 ) ; 
INSERT INTO  Utilise  VALUE  ( 24 , 475 ) ; 
INSERT INTO  Utilise  VALUE  ( 25 , 474 ) ; 
INSERT INTO  Utilise  VALUE  ( 26 , 473 ) ; 
INSERT INTO  Utilise  VALUE  ( 27 , 472 ) ; 
INSERT INTO  Utilise  VALUE  ( 28 , 471 ) ; 
INSERT INTO  Utilise  VALUE  ( 29 , 470 ) ; 
INSERT INTO  Utilise  VALUE  ( 30 , 469 ) ; 
INSERT INTO  Utilise  VALUE  ( 31 , 468 ) ; 
INSERT INTO  Utilise  VALUE  ( 32 , 467 ) ; 
INSERT INTO  Utilise  VALUE  ( 33 , 466 ) ; 
INSERT INTO  Utilise  VALUE  ( 34 , 465 ) ; 
INSERT INTO  Utilise  VALUE  ( 35 , 464 ) ; 
INSERT INTO  Utilise  VALUE  ( 36 , 463 ) ; 
INSERT INTO  Utilise  VALUE  ( 37 , 462 ) ; 
INSERT INTO  Utilise  VALUE  ( 38 , 461 ) ; 
INSERT INTO  Utilise  VALUE  ( 39 , 460 ) ; 
INSERT INTO  Utilise  VALUE  ( 40 , 459 ) ; 
INSERT INTO  Utilise  VALUE  ( 41 , 458 ) ; 
INSERT INTO  Utilise  VALUE  ( 42 , 457 ) ; 
INSERT INTO  Utilise  VALUE  ( 43 , 456 ) ; 
INSERT INTO  Utilise  VALUE  ( 44 , 455 ) ; 
INSERT INTO  Utilise  VALUE  ( 45 , 454 ) ; 
INSERT INTO  Utilise  VALUE  ( 46 , 453 ) ; 
INSERT INTO  Utilise  VALUE  ( 47 , 452 ) ; 
INSERT INTO  Utilise  VALUE  ( 48 , 451 ) ; 
INSERT INTO  Utilise  VALUE  ( 49 , 450 ) ; 
INSERT INTO  Utilise  VALUE  ( 50 , 449 ) ; 
INSERT INTO  Utilise  VALUE  ( 51 , 448 ) ; 
INSERT INTO  Utilise  VALUE  ( 52 , 447 ) ; 
INSERT INTO  Utilise  VALUE  ( 53 , 446 ) ; 
INSERT INTO  Utilise  VALUE  ( 54 , 445 ) ; 
INSERT INTO  Utilise  VALUE  ( 55 , 444 ) ; 
INSERT INTO  Utilise  VALUE  ( 56 , 443 ) ; 
INSERT INTO  Utilise  VALUE  ( 57 , 442 ) ; 
INSERT INTO  Utilise  VALUE  ( 58 , 441 ) ; 
INSERT INTO  Utilise  VALUE  ( 59 , 440 ) ; 
INSERT INTO  Utilise  VALUE  ( 60 , 439 ) ; 
INSERT INTO  Utilise  VALUE  ( 61 , 438 ) ; 
INSERT INTO  Utilise  VALUE  ( 62 , 437 ) ; 
INSERT INTO  Utilise  VALUE  ( 63 , 436 ) ; 
INSERT INTO  Utilise  VALUE  ( 64 , 435 ) ; 
INSERT INTO  Utilise  VALUE  ( 65 , 434 ) ; 
INSERT INTO  Utilise  VALUE  ( 66 , 433 ) ; 
INSERT INTO  Utilise  VALUE  ( 67 , 432 ) ; 
INSERT INTO  Utilise  VALUE  ( 68 , 431 ) ; 
INSERT INTO  Utilise  VALUE  ( 69 , 430 ) ; 
INSERT INTO  Utilise  VALUE  ( 70 , 429 ) ; 
INSERT INTO  Utilise  VALUE  ( 71 , 428 ) ; 
INSERT INTO  Utilise  VALUE  ( 72 , 427 ) ; 
INSERT INTO  Utilise  VALUE  ( 73 , 426 ) ; 
INSERT INTO  Utilise  VALUE  ( 74 , 425 ) ; 
INSERT INTO  Utilise  VALUE  ( 75 , 424 ) ; 
INSERT INTO  Utilise  VALUE  ( 76 , 423 ) ; 
INSERT INTO  Utilise  VALUE  ( 77 , 422 ) ; 
INSERT INTO  Utilise  VALUE  ( 78 , 421 ) ; 
INSERT INTO  Utilise  VALUE  ( 79 , 420 ) ; 
INSERT INTO  Utilise  VALUE  ( 80 , 419 ) ; 
INSERT INTO  Utilise  VALUE  ( 81 , 418 ) ; 
INSERT INTO  Utilise  VALUE  ( 82 , 417 ) ; 
INSERT INTO  Utilise  VALUE  ( 83 , 416 ) ; 
INSERT INTO  Utilise  VALUE  ( 84 , 415 ) ; 
INSERT INTO  Utilise  VALUE  ( 85 , 414 ) ; 
INSERT INTO  Utilise  VALUE  ( 86 , 413 ) ; 
INSERT INTO  Utilise  VALUE  ( 87 , 412 ) ; 
INSERT INTO  Utilise  VALUE  ( 88 , 411 ) ; 
INSERT INTO  Utilise  VALUE  ( 89 , 410 ) ; 
INSERT INTO  Utilise  VALUE  ( 90 , 409 ) ; 
INSERT INTO  Utilise  VALUE  ( 91 , 408 ) ; 
INSERT INTO  Utilise  VALUE  ( 92 , 407 ) ; 
INSERT INTO  Utilise  VALUE  ( 93 , 406 ) ; 
INSERT INTO  Utilise  VALUE  ( 94 , 405 ) ; 
INSERT INTO  Utilise  VALUE  ( 95 , 404 ) ; 
INSERT INTO  Utilise  VALUE  ( 96 , 403 ) ; 
INSERT INTO  Utilise  VALUE  ( 97 , 402 ) ; 
INSERT INTO  Utilise  VALUE  ( 98 , 401 ) ; 
INSERT INTO  Utilise  VALUE  ( 99 , 400 ) ; 
INSERT INTO  Utilise  VALUE  ( 100 , 399 ) ; 
INSERT INTO  Utilise  VALUE  ( 101 , 398 ) ; 
INSERT INTO  Utilise  VALUE  ( 102 , 397 ) ; 
INSERT INTO  Utilise  VALUE  ( 103 , 396 ) ; 
INSERT INTO  Utilise  VALUE  ( 104 , 395 ) ; 
INSERT INTO  Utilise  VALUE  ( 105 , 394 ) ; 
INSERT INTO  Utilise  VALUE  ( 106 , 393 ) ; 
INSERT INTO  Utilise  VALUE  ( 107 , 392 ) ; 
INSERT INTO  Utilise  VALUE  ( 108 , 391 ) ; 
INSERT INTO  Utilise  VALUE  ( 109 , 390 ) ; 
INSERT INTO  Utilise  VALUE  ( 110 , 389 ) ; 
INSERT INTO  Utilise  VALUE  ( 111 , 388 ) ; 
INSERT INTO  Utilise  VALUE  ( 112 , 387 ) ; 
INSERT INTO  Utilise  VALUE  ( 113 , 386 ) ; 
INSERT INTO  Utilise  VALUE  ( 114 , 385 ) ; 
INSERT INTO  Utilise  VALUE  ( 115 , 384 ) ; 
INSERT INTO  Utilise  VALUE  ( 116 , 383 ) ; 
INSERT INTO  Utilise  VALUE  ( 117 , 382 ) ; 
INSERT INTO  Utilise  VALUE  ( 118 , 381 ) ; 
INSERT INTO  Utilise  VALUE  ( 119 , 380 ) ; 
INSERT INTO  Utilise  VALUE  ( 120 , 379 ) ; 
INSERT INTO  Utilise  VALUE  ( 121 , 378 ) ; 
INSERT INTO  Utilise  VALUE  ( 122 , 377 ) ; 
INSERT INTO  Utilise  VALUE  ( 123 , 376 ) ; 
INSERT INTO  Utilise  VALUE  ( 124 , 375 ) ; 
INSERT INTO  Utilise  VALUE  ( 125 , 374 ) ; 
INSERT INTO  Utilise  VALUE  ( 126 , 373 ) ; 
INSERT INTO  Utilise  VALUE  ( 127 , 372 ) ; 
INSERT INTO  Utilise  VALUE  ( 128 , 371 ) ; 
INSERT INTO  Utilise  VALUE  ( 129 , 370 ) ; 
INSERT INTO  Utilise  VALUE  ( 130 , 369 ) ; 
INSERT INTO  Utilise  VALUE  ( 131 , 368 ) ; 
INSERT INTO  Utilise  VALUE  ( 132 , 367 ) ; 
INSERT INTO  Utilise  VALUE  ( 133 , 366 ) ; 
INSERT INTO  Utilise  VALUE  ( 134 , 365 ) ; 
INSERT INTO  Utilise  VALUE  ( 135 , 364 ) ; 
INSERT INTO  Utilise  VALUE  ( 136 , 363 ) ; 
INSERT INTO  Utilise  VALUE  ( 137 , 362 ) ; 
INSERT INTO  Utilise  VALUE  ( 138 , 361 ) ; 
INSERT INTO  Utilise  VALUE  ( 139 , 360 ) ; 
INSERT INTO  Utilise  VALUE  ( 140 , 359 ) ; 
INSERT INTO  Utilise  VALUE  ( 141 , 358 ) ; 
INSERT INTO  Utilise  VALUE  ( 142 , 357 ) ; 
INSERT INTO  Utilise  VALUE  ( 143 , 356 ) ; 
INSERT INTO  Utilise  VALUE  ( 144 , 355 ) ; 
INSERT INTO  Utilise  VALUE  ( 145 , 354 ) ; 
INSERT INTO  Utilise  VALUE  ( 146 , 353 ) ; 
INSERT INTO  Utilise  VALUE  ( 147 , 352 ) ; 
INSERT INTO  Utilise  VALUE  ( 148 , 351 ) ; 
INSERT INTO  Utilise  VALUE  ( 149 , 350 ) ; 
INSERT INTO  Utilise  VALUE  ( 150 , 349 ) ; 
INSERT INTO  Utilise  VALUE  ( 151 , 348 ) ; 
INSERT INTO  Utilise  VALUE  ( 152 , 347 ) ; 
INSERT INTO  Utilise  VALUE  ( 153 , 346 ) ; 
INSERT INTO  Utilise  VALUE  ( 154 , 345 ) ; 
INSERT INTO  Utilise  VALUE  ( 155 , 344 ) ; 
INSERT INTO  Utilise  VALUE  ( 156 , 343 ) ; 
INSERT INTO  Utilise  VALUE  ( 157 , 342 ) ; 
INSERT INTO  Utilise  VALUE  ( 158 , 341 ) ; 
INSERT INTO  Utilise  VALUE  ( 159 , 340 ) ; 
INSERT INTO  Utilise  VALUE  ( 160 , 339 ) ; 
INSERT INTO  Utilise  VALUE  ( 161 , 338 ) ; 
INSERT INTO  Utilise  VALUE  ( 162 , 337 ) ; 
INSERT INTO  Utilise  VALUE  ( 163 , 336 ) ; 
INSERT INTO  Utilise  VALUE  ( 164 , 335 ) ; 
INSERT INTO  Utilise  VALUE  ( 165 , 334 ) ; 
INSERT INTO  Utilise  VALUE  ( 166 , 333 ) ; 
INSERT INTO  Utilise  VALUE  ( 167 , 332 ) ; 
INSERT INTO  Utilise  VALUE  ( 168 , 331 ) ; 
INSERT INTO  Utilise  VALUE  ( 169 , 330 ) ; 
INSERT INTO  Utilise  VALUE  ( 170 , 329 ) ; 
INSERT INTO  Utilise  VALUE  ( 171 , 328 ) ; 
INSERT INTO  Utilise  VALUE  ( 172 , 327 ) ; 
INSERT INTO  Utilise  VALUE  ( 173 , 326 ) ; 
INSERT INTO  Utilise  VALUE  ( 174 , 325 ) ; 
INSERT INTO  Utilise  VALUE  ( 175 , 324 ) ; 
INSERT INTO  Utilise  VALUE  ( 176 , 323 ) ; 
INSERT INTO  Utilise  VALUE  ( 177 , 322 ) ; 
INSERT INTO  Utilise  VALUE  ( 178 , 321 ) ; 
INSERT INTO  Utilise  VALUE  ( 179 , 320 ) ; 
INSERT INTO  Utilise  VALUE  ( 180 , 319 ) ; 
INSERT INTO  Utilise  VALUE  ( 181 , 318 ) ; 
INSERT INTO  Utilise  VALUE  ( 182 , 317 ) ; 
INSERT INTO  Utilise  VALUE  ( 183 , 316 ) ; 
INSERT INTO  Utilise  VALUE  ( 184 , 315 ) ; 
INSERT INTO  Utilise  VALUE  ( 185 , 314 ) ; 
INSERT INTO  Utilise  VALUE  ( 186 , 313 ) ; 
INSERT INTO  Utilise  VALUE  ( 187 , 312 ) ; 
INSERT INTO  Utilise  VALUE  ( 188 , 311 ) ; 
INSERT INTO  Utilise  VALUE  ( 189 , 310 ) ; 
INSERT INTO  Utilise  VALUE  ( 190 , 309 ) ; 
INSERT INTO  Utilise  VALUE  ( 191 , 308 ) ; 
INSERT INTO  Utilise  VALUE  ( 192 , 307 ) ; 
INSERT INTO  Utilise  VALUE  ( 193 , 306 ) ; 
INSERT INTO  Utilise  VALUE  ( 194 , 305 ) ; 
INSERT INTO  Utilise  VALUE  ( 195 , 304 ) ; 
INSERT INTO  Utilise  VALUE  ( 196 , 303 ) ; 
INSERT INTO  Utilise  VALUE  ( 197 , 302 ) ; 
INSERT INTO  Utilise  VALUE  ( 198 , 301 ) ; 
INSERT INTO  Utilise  VALUE  ( 199 , 300 ) ; 
INSERT INTO  Utilise  VALUE  ( 200 , 299 ) ; 
INSERT INTO  Utilise  VALUE  ( 201 , 298 ) ; 
INSERT INTO  Utilise  VALUE  ( 202 , 297 ) ; 
INSERT INTO  Utilise  VALUE  ( 203 , 296 ) ; 
INSERT INTO  Utilise  VALUE  ( 204 , 295 ) ; 
INSERT INTO  Utilise  VALUE  ( 205 , 294 ) ; 
INSERT INTO  Utilise  VALUE  ( 206 , 293 ) ; 
INSERT INTO  Utilise  VALUE  ( 207 , 292 ) ; 
INSERT INTO  Utilise  VALUE  ( 208 , 291 ) ; 
INSERT INTO  Utilise  VALUE  ( 209 , 290 ) ; 
INSERT INTO  Utilise  VALUE  ( 210 , 289 ) ; 
INSERT INTO  Utilise  VALUE  ( 211 , 288 ) ; 
INSERT INTO  Utilise  VALUE  ( 212 , 287 ) ; 
INSERT INTO  Utilise  VALUE  ( 213 , 286 ) ; 
INSERT INTO  Utilise  VALUE  ( 214 , 285 ) ; 
INSERT INTO  Utilise  VALUE  ( 215 , 284 ) ; 
INSERT INTO  Utilise  VALUE  ( 216 , 283 ) ; 
INSERT INTO  Utilise  VALUE  ( 217 , 282 ) ; 
INSERT INTO  Utilise  VALUE  ( 218 , 281 ) ; 
INSERT INTO  Utilise  VALUE  ( 219 , 280 ) ; 
INSERT INTO  Utilise  VALUE  ( 220 , 279 ) ; 
INSERT INTO  Utilise  VALUE  ( 221 , 278 ) ; 
INSERT INTO  Utilise  VALUE  ( 222 , 277 ) ; 
INSERT INTO  Utilise  VALUE  ( 223 , 276 ) ; 
INSERT INTO  Utilise  VALUE  ( 224 , 275 ) ; 
INSERT INTO  Utilise  VALUE  ( 225 , 274 ) ; 
INSERT INTO  Utilise  VALUE  ( 226 , 273 ) ; 
INSERT INTO  Utilise  VALUE  ( 227 , 272 ) ; 
INSERT INTO  Utilise  VALUE  ( 228 , 271 ) ; 
INSERT INTO  Utilise  VALUE  ( 229 , 270 ) ; 
INSERT INTO  Utilise  VALUE  ( 230 , 269 ) ; 
INSERT INTO  Utilise  VALUE  ( 231 , 268 ) ; 
INSERT INTO  Utilise  VALUE  ( 232 , 267 ) ; 
INSERT INTO  Utilise  VALUE  ( 233 , 266 ) ; 
INSERT INTO  Utilise  VALUE  ( 234 , 265 ) ; 
INSERT INTO  Utilise  VALUE  ( 235 , 264 ) ; 
INSERT INTO  Utilise  VALUE  ( 236 , 263 ) ; 
INSERT INTO  Utilise  VALUE  ( 237 , 262 ) ; 
INSERT INTO  Utilise  VALUE  ( 238 , 261 ) ; 
INSERT INTO  Utilise  VALUE  ( 239 , 260 ) ; 
INSERT INTO  Utilise  VALUE  ( 240 , 259 ) ; 
INSERT INTO  Utilise  VALUE  ( 241 , 258 ) ; 
INSERT INTO  Utilise  VALUE  ( 242 , 257 ) ; 
INSERT INTO  Utilise  VALUE  ( 243 , 256 ) ; 
INSERT INTO  Utilise  VALUE  ( 244 , 255 ) ; 
INSERT INTO  Utilise  VALUE  ( 245 , 254 ) ; 
INSERT INTO  Utilise  VALUE  ( 246 , 253 ) ; 
INSERT INTO  Utilise  VALUE  ( 247 , 252 ) ; 
INSERT INTO  Utilise  VALUE  ( 248 , 251 ) ; 
INSERT INTO  Utilise  VALUE  ( 249 , 250 ) ; 
INSERT INTO  Utilise  VALUE  ( 250 , 249 ) ; 
INSERT INTO  Utilise  VALUE  ( 251 , 248 ) ; 
INSERT INTO  Utilise  VALUE  ( 252 , 247 ) ; 
INSERT INTO  Utilise  VALUE  ( 253 , 246 ) ; 
INSERT INTO  Utilise  VALUE  ( 254 , 245 ) ; 
INSERT INTO  Utilise  VALUE  ( 255 , 244 ) ; 
INSERT INTO  Utilise  VALUE  ( 256 , 243 ) ; 
INSERT INTO  Utilise  VALUE  ( 257 , 242 ) ; 
INSERT INTO  Utilise  VALUE  ( 258 , 241 ) ; 
INSERT INTO  Utilise  VALUE  ( 259 , 240 ) ; 
INSERT INTO  Utilise  VALUE  ( 260 , 239 ) ; 
INSERT INTO  Utilise  VALUE  ( 261 , 238 ) ; 
INSERT INTO  Utilise  VALUE  ( 262 , 237 ) ; 
INSERT INTO  Utilise  VALUE  ( 263 , 236 ) ; 
INSERT INTO  Utilise  VALUE  ( 264 , 235 ) ; 
INSERT INTO  Utilise  VALUE  ( 265 , 234 ) ; 
INSERT INTO  Utilise  VALUE  ( 266 , 233 ) ; 
INSERT INTO  Utilise  VALUE  ( 267 , 232 ) ; 
INSERT INTO  Utilise  VALUE  ( 268 , 231 ) ; 
INSERT INTO  Utilise  VALUE  ( 269 , 230 ) ; 
INSERT INTO  Utilise  VALUE  ( 270 , 229 ) ; 
INSERT INTO  Utilise  VALUE  ( 271 , 228 ) ; 
INSERT INTO  Utilise  VALUE  ( 272 , 227 ) ; 
INSERT INTO  Utilise  VALUE  ( 273 , 226 ) ; 
INSERT INTO  Utilise  VALUE  ( 274 , 225 ) ; 
INSERT INTO  Utilise  VALUE  ( 275 , 224 ) ; 
INSERT INTO  Utilise  VALUE  ( 276 , 223 ) ; 
INSERT INTO  Utilise  VALUE  ( 277 , 222 ) ; 
INSERT INTO  Utilise  VALUE  ( 278 , 221 ) ; 
INSERT INTO  Utilise  VALUE  ( 279 , 220 ) ; 
INSERT INTO  Utilise  VALUE  ( 280 , 219 ) ; 
INSERT INTO  Utilise  VALUE  ( 281 , 218 ) ; 
INSERT INTO  Utilise  VALUE  ( 282 , 217 ) ; 
INSERT INTO  Utilise  VALUE  ( 283 , 216 ) ; 
INSERT INTO  Utilise  VALUE  ( 284 , 215 ) ; 
INSERT INTO  Utilise  VALUE  ( 285 , 214 ) ; 
INSERT INTO  Utilise  VALUE  ( 286 , 213 ) ; 
INSERT INTO  Utilise  VALUE  ( 287 , 212 ) ; 
INSERT INTO  Utilise  VALUE  ( 288 , 211 ) ; 
INSERT INTO  Utilise  VALUE  ( 289 , 210 ) ; 
INSERT INTO  Utilise  VALUE  ( 290 , 209 ) ; 
INSERT INTO  Utilise  VALUE  ( 291 , 208 ) ; 
INSERT INTO  Utilise  VALUE  ( 292 , 207 ) ; 
INSERT INTO  Utilise  VALUE  ( 293 , 206 ) ; 
INSERT INTO  Utilise  VALUE  ( 294 , 205 ) ; 
INSERT INTO  Utilise  VALUE  ( 295 , 204 ) ; 
INSERT INTO  Utilise  VALUE  ( 296 , 203 ) ; 
INSERT INTO  Utilise  VALUE  ( 297 , 202 ) ; 
INSERT INTO  Utilise  VALUE  ( 298 , 201 ) ; 
INSERT INTO  Utilise  VALUE  ( 299 , 200 ) ; 
INSERT INTO  Utilise  VALUE  ( 300 , 199 ) ; 
INSERT INTO  Utilise  VALUE  ( 301 , 198 ) ; 
INSERT INTO  Utilise  VALUE  ( 302 , 197 ) ; 
INSERT INTO  Utilise  VALUE  ( 303 , 196 ) ; 
INSERT INTO  Utilise  VALUE  ( 304 , 195 ) ; 
INSERT INTO  Utilise  VALUE  ( 305 , 194 ) ; 
INSERT INTO  Utilise  VALUE  ( 306 , 193 ) ; 
INSERT INTO  Utilise  VALUE  ( 307 , 192 ) ; 
INSERT INTO  Utilise  VALUE  ( 308 , 191 ) ; 
INSERT INTO  Utilise  VALUE  ( 309 , 190 ) ; 
INSERT INTO  Utilise  VALUE  ( 310 , 189 ) ; 
INSERT INTO  Utilise  VALUE  ( 311 , 188 ) ; 
INSERT INTO  Utilise  VALUE  ( 312 , 187 ) ; 
INSERT INTO  Utilise  VALUE  ( 313 , 186 ) ; 
INSERT INTO  Utilise  VALUE  ( 314 , 185 ) ; 
INSERT INTO  Utilise  VALUE  ( 315 , 184 ) ; 
INSERT INTO  Utilise  VALUE  ( 316 , 183 ) ; 
INSERT INTO  Utilise  VALUE  ( 317 , 182 ) ; 
INSERT INTO  Utilise  VALUE  ( 318 , 181 ) ; 
INSERT INTO  Utilise  VALUE  ( 319 , 180 ) ; 
INSERT INTO  Utilise  VALUE  ( 320 , 179 ) ; 
INSERT INTO  Utilise  VALUE  ( 321 , 178 ) ; 
INSERT INTO  Utilise  VALUE  ( 322 , 177 ) ; 
INSERT INTO  Utilise  VALUE  ( 323 , 176 ) ; 
INSERT INTO  Utilise  VALUE  ( 324 , 175 ) ; 
INSERT INTO  Utilise  VALUE  ( 325 , 174 ) ; 
INSERT INTO  Utilise  VALUE  ( 326 , 173 ) ; 
INSERT INTO  Utilise  VALUE  ( 327 , 172 ) ; 
INSERT INTO  Utilise  VALUE  ( 328 , 171 ) ; 
INSERT INTO  Utilise  VALUE  ( 329 , 170 ) ; 
INSERT INTO  Utilise  VALUE  ( 330 , 169 ) ; 
INSERT INTO  Utilise  VALUE  ( 331 , 168 ) ; 
INSERT INTO  Utilise  VALUE  ( 332 , 167 ) ; 
INSERT INTO  Utilise  VALUE  ( 333 , 166 ) ; 
INSERT INTO  Utilise  VALUE  ( 334 , 165 ) ; 
INSERT INTO  Utilise  VALUE  ( 335 , 164 ) ; 
INSERT INTO  Utilise  VALUE  ( 336 , 163 ) ; 
INSERT INTO  Utilise  VALUE  ( 337 , 162 ) ; 
INSERT INTO  Utilise  VALUE  ( 338 , 161 ) ; 
INSERT INTO  Utilise  VALUE  ( 339 , 160 ) ; 
INSERT INTO  Utilise  VALUE  ( 340 , 159 ) ; 
INSERT INTO  Utilise  VALUE  ( 341 , 158 ) ; 
INSERT INTO  Utilise  VALUE  ( 342 , 157 ) ; 
INSERT INTO  Utilise  VALUE  ( 343 , 156 ) ; 
INSERT INTO  Utilise  VALUE  ( 344 , 155 ) ; 
INSERT INTO  Utilise  VALUE  ( 345 , 154 ) ; 
INSERT INTO  Utilise  VALUE  ( 346 , 153 ) ; 
INSERT INTO  Utilise  VALUE  ( 347 , 152 ) ; 
INSERT INTO  Utilise  VALUE  ( 348 , 151 ) ; 
INSERT INTO  Utilise  VALUE  ( 349 , 150 ) ; 
INSERT INTO  Utilise  VALUE  ( 350 , 149 ) ; 
INSERT INTO  Utilise  VALUE  ( 351 , 148 ) ; 
INSERT INTO  Utilise  VALUE  ( 352 , 147 ) ; 
INSERT INTO  Utilise  VALUE  ( 353 , 146 ) ; 
INSERT INTO  Utilise  VALUE  ( 354 , 145 ) ; 
INSERT INTO  Utilise  VALUE  ( 355 , 144 ) ; 
INSERT INTO  Utilise  VALUE  ( 356 , 143 ) ; 
INSERT INTO  Utilise  VALUE  ( 357 , 142 ) ; 
INSERT INTO  Utilise  VALUE  ( 358 , 141 ) ; 
INSERT INTO  Utilise  VALUE  ( 359 , 140 ) ; 
INSERT INTO  Utilise  VALUE  ( 360 , 139 ) ; 
INSERT INTO  Utilise  VALUE  ( 361 , 138 ) ; 
INSERT INTO  Utilise  VALUE  ( 362 , 137 ) ; 
INSERT INTO  Utilise  VALUE  ( 363 , 136 ) ; 
INSERT INTO  Utilise  VALUE  ( 364 , 135 ) ; 
INSERT INTO  Utilise  VALUE  ( 365 , 134 ) ; 
INSERT INTO  Utilise  VALUE  ( 366 , 133 ) ; 
INSERT INTO  Utilise  VALUE  ( 367 , 132 ) ; 
INSERT INTO  Utilise  VALUE  ( 368 , 131 ) ; 
INSERT INTO  Utilise  VALUE  ( 369 , 130 ) ; 
INSERT INTO  Utilise  VALUE  ( 370 , 129 ) ; 
INSERT INTO  Utilise  VALUE  ( 371 , 128 ) ; 
INSERT INTO  Utilise  VALUE  ( 372 , 127 ) ; 
INSERT INTO  Utilise  VALUE  ( 373 , 126 ) ; 
INSERT INTO  Utilise  VALUE  ( 374 , 125 ) ; 
INSERT INTO  Utilise  VALUE  ( 375 , 124 ) ; 
INSERT INTO  Utilise  VALUE  ( 376 , 123 ) ; 
INSERT INTO  Utilise  VALUE  ( 377 , 122 ) ; 
INSERT INTO  Utilise  VALUE  ( 378 , 121 ) ; 
INSERT INTO  Utilise  VALUE  ( 379 , 120 ) ; 
INSERT INTO  Utilise  VALUE  ( 380 , 119 ) ; 
INSERT INTO  Utilise  VALUE  ( 381 , 118 ) ; 
INSERT INTO  Utilise  VALUE  ( 382 , 117 ) ; 
INSERT INTO  Utilise  VALUE  ( 383 , 116 ) ; 
INSERT INTO  Utilise  VALUE  ( 384 , 115 ) ; 
INSERT INTO  Utilise  VALUE  ( 385 , 114 ) ; 
INSERT INTO  Utilise  VALUE  ( 386 , 113 ) ; 
INSERT INTO  Utilise  VALUE  ( 387 , 112 ) ; 
INSERT INTO  Utilise  VALUE  ( 388 , 111 ) ; 
INSERT INTO  Utilise  VALUE  ( 389 , 110 ) ; 
INSERT INTO  Utilise  VALUE  ( 390 , 109 ) ; 
INSERT INTO  Utilise  VALUE  ( 391 , 108 ) ; 
INSERT INTO  Utilise  VALUE  ( 392 , 107 ) ; 
INSERT INTO  Utilise  VALUE  ( 393 , 106 ) ; 
INSERT INTO  Utilise  VALUE  ( 394 , 105 ) ; 
INSERT INTO  Utilise  VALUE  ( 395 , 104 ) ; 
INSERT INTO  Utilise  VALUE  ( 396 , 103 ) ; 
INSERT INTO  Utilise  VALUE  ( 397 , 102 ) ; 
INSERT INTO  Utilise  VALUE  ( 398 , 101 ) ; 
INSERT INTO  Utilise  VALUE  ( 399 , 100 ) ; 
INSERT INTO  Utilise  VALUE  ( 400 , 99 ) ; 
INSERT INTO  Utilise  VALUE  ( 401 , 98 ) ; 
INSERT INTO  Utilise  VALUE  ( 402 , 97 ) ; 
INSERT INTO  Utilise  VALUE  ( 403 , 96 ) ; 
INSERT INTO  Utilise  VALUE  ( 404 , 95 ) ; 
INSERT INTO  Utilise  VALUE  ( 405 , 94 ) ; 
INSERT INTO  Utilise  VALUE  ( 406 , 93 ) ; 
INSERT INTO  Utilise  VALUE  ( 407 , 92 ) ; 
INSERT INTO  Utilise  VALUE  ( 408 , 91 ) ; 
INSERT INTO  Utilise  VALUE  ( 409 , 90 ) ; 
INSERT INTO  Utilise  VALUE  ( 410 , 89 ) ; 
INSERT INTO  Utilise  VALUE  ( 411 , 88 ) ; 
INSERT INTO  Utilise  VALUE  ( 412 , 87 ) ; 
INSERT INTO  Utilise  VALUE  ( 413 , 86 ) ; 
INSERT INTO  Utilise  VALUE  ( 414 , 85 ) ; 
INSERT INTO  Utilise  VALUE  ( 415 , 84 ) ; 
INSERT INTO  Utilise  VALUE  ( 416 , 83 ) ; 
INSERT INTO  Utilise  VALUE  ( 417 , 82 ) ; 
INSERT INTO  Utilise  VALUE  ( 418 , 81 ) ; 
INSERT INTO  Utilise  VALUE  ( 419 , 80 ) ; 
INSERT INTO  Utilise  VALUE  ( 420 , 79 ) ; 
INSERT INTO  Utilise  VALUE  ( 421 , 78 ) ; 
INSERT INTO  Utilise  VALUE  ( 422 , 77 ) ; 
INSERT INTO  Utilise  VALUE  ( 423 , 76 ) ; 
INSERT INTO  Utilise  VALUE  ( 424 , 75 ) ; 
INSERT INTO  Utilise  VALUE  ( 425 , 74 ) ; 
INSERT INTO  Utilise  VALUE  ( 426 , 73 ) ; 
INSERT INTO  Utilise  VALUE  ( 427 , 72 ) ; 
INSERT INTO  Utilise  VALUE  ( 428 , 71 ) ; 
INSERT INTO  Utilise  VALUE  ( 429 , 70 ) ; 
INSERT INTO  Utilise  VALUE  ( 430 , 69 ) ; 
INSERT INTO  Utilise  VALUE  ( 431 , 68 ) ; 
INSERT INTO  Utilise  VALUE  ( 432 , 67 ) ; 
INSERT INTO  Utilise  VALUE  ( 433 , 66 ) ; 
INSERT INTO  Utilise  VALUE  ( 434 , 65 ) ; 
INSERT INTO  Utilise  VALUE  ( 435 , 64 ) ; 
INSERT INTO  Utilise  VALUE  ( 436 , 63 ) ; 
INSERT INTO  Utilise  VALUE  ( 437 , 62 ) ; 
INSERT INTO  Utilise  VALUE  ( 438 , 61 ) ; 
INSERT INTO  Utilise  VALUE  ( 439 , 60 ) ; 
INSERT INTO  Utilise  VALUE  ( 440 , 59 ) ; 
INSERT INTO  Utilise  VALUE  ( 441 , 58 ) ; 
INSERT INTO  Utilise  VALUE  ( 442 , 57 ) ; 
INSERT INTO  Utilise  VALUE  ( 443 , 56 ) ; 
INSERT INTO  Utilise  VALUE  ( 444 , 55 ) ; 
INSERT INTO  Utilise  VALUE  ( 445 , 54 ) ; 
INSERT INTO  Utilise  VALUE  ( 446 , 53 ) ; 
INSERT INTO  Utilise  VALUE  ( 447 , 52 ) ; 
INSERT INTO  Utilise  VALUE  ( 448 , 51 ) ; 
INSERT INTO  Utilise  VALUE  ( 449 , 50 ) ; 
INSERT INTO  Utilise  VALUE  ( 450 , 49 ) ; 
INSERT INTO  Utilise  VALUE  ( 451 , 48 ) ; 
INSERT INTO  Utilise  VALUE  ( 452 , 47 ) ; 
INSERT INTO  Utilise  VALUE  ( 453 , 46 ) ; 
INSERT INTO  Utilise  VALUE  ( 454 , 45 ) ; 
INSERT INTO  Utilise  VALUE  ( 455 , 44 ) ; 
INSERT INTO  Utilise  VALUE  ( 456 , 43 ) ; 
INSERT INTO  Utilise  VALUE  ( 457 , 42 ) ; 
INSERT INTO  Utilise  VALUE  ( 458 , 41 ) ; 
INSERT INTO  Utilise  VALUE  ( 459 , 40 ) ; 
INSERT INTO  Utilise  VALUE  ( 460 , 39 ) ; 
INSERT INTO  Utilise  VALUE  ( 461 , 38 ) ; 
INSERT INTO  Utilise  VALUE  ( 462 , 37 ) ; 
INSERT INTO  Utilise  VALUE  ( 463 , 36 ) ; 
INSERT INTO  Utilise  VALUE  ( 464 , 35 ) ; 
INSERT INTO  Utilise  VALUE  ( 465 , 34 ) ; 
INSERT INTO  Utilise  VALUE  ( 466 , 33 ) ; 
INSERT INTO  Utilise  VALUE  ( 467 , 32 ) ; 
INSERT INTO  Utilise  VALUE  ( 468 , 31 ) ; 
INSERT INTO  Utilise  VALUE  ( 469 , 30 ) ; 
INSERT INTO  Utilise  VALUE  ( 470 , 29 ) ; 
INSERT INTO  Utilise  VALUE  ( 471 , 28 ) ; 
INSERT INTO  Utilise  VALUE  ( 472 , 27 ) ; 
INSERT INTO  Utilise  VALUE  ( 473 , 26 ) ; 
INSERT INTO  Utilise  VALUE  ( 474 , 25 ) ; 
INSERT INTO  Utilise  VALUE  ( 475 , 24 ) ; 
INSERT INTO  Utilise  VALUE  ( 476 , 23 ) ; 
INSERT INTO  Utilise  VALUE  ( 477 , 22 ) ; 
INSERT INTO  Utilise  VALUE  ( 478 , 21 ) ; 
INSERT INTO  Utilise  VALUE  ( 479 , 20 ) ; 
INSERT INTO  Utilise  VALUE  ( 480 , 19 ) ; 
INSERT INTO  Utilise  VALUE  ( 481 , 18 ) ; 
INSERT INTO  Utilise  VALUE  ( 482 , 17 ) ; 
INSERT INTO  Utilise  VALUE  ( 483 , 16 ) ; 
INSERT INTO  Utilise  VALUE  ( 484 , 15 ) ; 
INSERT INTO  Utilise  VALUE  ( 485 , 14 ) ; 
INSERT INTO  Utilise  VALUE  ( 486 , 13 ) ; 
INSERT INTO  Utilise  VALUE  ( 487 , 12 ) ; 
INSERT INTO  Utilise  VALUE  ( 488 , 11 ) ; 
INSERT INTO  Utilise  VALUE  ( 489 , 10 ) ; 
INSERT INTO  Utilise  VALUE  ( 490 , 9 ) ; 
INSERT INTO  Utilise  VALUE  ( 491 , 8 ) ; 
INSERT INTO  Utilise  VALUE  ( 492 , 7 ) ; 
INSERT INTO  Utilise  VALUE  ( 493 , 6 ) ; 
INSERT INTO  Utilise  VALUE  ( 494 , 5 ) ; 
INSERT INTO  Utilise  VALUE  ( 495 , 4 ) ; 
INSERT INTO  Utilise  VALUE  ( 496 , 3 ) ; 
INSERT INTO  Utilise  VALUE  ( 497 , 2 ) ; 
INSERT INTO  Utilise  VALUE  ( 498 , 1 ) ; 
INSERT INTO  Utilise  VALUE  ( 499 , 0 ) ; 


INSERT INTO  Avis  VALUE  (0 , 'parfait' , 1 , '2028-10-23' , 300 , 299) ; 
INSERT INTO  Avis  VALUE  (1 , 'bien' , 5 , '2014-9-7' , 301 , 298) ; 
INSERT INTO  Avis  VALUE  (2 , 'nul' , 5 , '2036-6-9' , 302 , 297) ; 
INSERT INTO  Avis  VALUE  (3 , 'parfait' , 7 , '2016-11-17' , 303 , 296) ; 
INSERT INTO  Avis  VALUE  (4 , 'nul' , 5 , '2046-2-18' , 304 , 295) ; 
INSERT INTO  Avis  VALUE  (5 , 'nul' , 2 , '2005-7-11' , 305 , 294) ; 
INSERT INTO  Avis  VALUE  (6 , 'nul' , 5 , '2011-10-9' , 306 , 293) ; 
INSERT INTO  Avis  VALUE  (7 , 'bien' , 6 , '2014-12-28' , 307 , 292) ; 
INSERT INTO  Avis  VALUE  (8 , 'bien' , 5 , '2034-12-25' , 308 , 291) ; 
INSERT INTO  Avis  VALUE  (9 , 'bien' , 7 , '2002-9-2' , 309 , 290) ; 
INSERT INTO  Avis  VALUE  (10 , 'bien' , 7 , '2002-11-9' , 310 , 289) ; 
INSERT INTO  Avis  VALUE  (11 , 'nul' , 3 , '2044-5-19' , 311 , 288) ; 
INSERT INTO  Avis  VALUE  (12 , 'parfait' , 4 , '2026-8-16' , 312 , 287) ; 
INSERT INTO  Avis  VALUE  (13 , 'nul' , 2 , '2000-10-23' , 313 , 286) ; 
INSERT INTO  Avis  VALUE  (14 , 'nul' , 4 , '2008-12-20' , 314 , 285) ; 
INSERT INTO  Avis  VALUE  (15 , 'parfait' , 6 , '2049-12-5' , 315 , 284) ; 
INSERT INTO  Avis  VALUE  (16 , 'bien' , 5 , '2016-3-16' , 316 , 283) ; 
INSERT INTO  Avis  VALUE  (17 , 'parfait' , 2 , '2019-3-14' , 317 , 282) ; 
INSERT INTO  Avis  VALUE  (18 , 'parfait' , 2 , '2028-7-25' , 318 , 281) ; 
INSERT INTO  Avis  VALUE  (19 , 'parfait' , 3 , '2007-11-23' , 319 , 280) ; 
INSERT INTO  Avis  VALUE  (20 , 'nul' , 5 , '2043-4-22' , 320 , 279) ; 
INSERT INTO  Avis  VALUE  (21 , 'bien' , 6 , '2009-8-2' , 321 , 278) ; 
INSERT INTO  Avis  VALUE  (22 , 'nul' , 5 , '2026-5-27' , 322 , 277) ; 
INSERT INTO  Avis  VALUE  (23 , 'parfait' , 6 , '2004-8-28' , 323 , 276) ; 
INSERT INTO  Avis  VALUE  (24 , 'nul' , 6 , '2020-7-18' , 324 , 275) ; 
INSERT INTO  Avis  VALUE  (25 , 'parfait' , 2 , '2041-9-14' , 325 , 274) ; 
INSERT INTO  Avis  VALUE  (26 , 'nul' , 1 , '2021-10-10' , 326 , 273) ; 
INSERT INTO  Avis  VALUE  (27 , 'bien' , 4 , '2013-5-20' , 327 , 272) ; 
INSERT INTO  Avis  VALUE  (28 , 'parfait' , 5 , '2039-6-14' , 328 , 271) ; 
INSERT INTO  Avis  VALUE  (29 , 'nul' , 4 , '2027-8-22' , 329 , 270) ; 
INSERT INTO  Avis  VALUE  (30 , 'bien' , 4 , '2042-6-4' , 330 , 269) ; 
INSERT INTO  Avis  VALUE  (31 , 'bien' , 4 , '2031-7-1' , 331 , 268) ; 
INSERT INTO  Avis  VALUE  (32 , 'parfait' , 7 , '2001-12-3' , 332 , 267) ; 
INSERT INTO  Avis  VALUE  (33 , 'bien' , 2 , '2001-8-1' , 333 , 266) ; 
INSERT INTO  Avis  VALUE  (34 , 'parfait' , 2 , '2034-9-11' , 334 , 265) ; 
INSERT INTO  Avis  VALUE  (35 , 'nul' , 3 , '2012-6-16' , 335 , 264) ; 
INSERT INTO  Avis  VALUE  (36 , 'nul' , 6 , '2018-11-13' , 336 , 263) ; 
INSERT INTO  Avis  VALUE  (37 , 'nul' , 7 , '2028-2-1' , 337 , 262) ; 
INSERT INTO  Avis  VALUE  (38 , 'nul' , 1 , '2036-11-14' , 338 , 261) ; 
INSERT INTO  Avis  VALUE  (39 , 'bien' , 7 , '2046-8-25' , 339 , 260) ; 
INSERT INTO  Avis  VALUE  (40 , 'nul' , 3 , '2032-8-22' , 340 , 259) ; 
INSERT INTO  Avis  VALUE  (41 , 'parfait' , 2 , '2017-2-29' , 341 , 258) ; 
INSERT INTO  Avis  VALUE  (42 , 'parfait' , 6 , '2028-3-20' , 342 , 257) ; 
INSERT INTO  Avis  VALUE  (43 , 'parfait' , 6 , '2014-3-21' , 343 , 256) ; 
INSERT INTO  Avis  VALUE  (44 , 'nul' , 2 , '2026-5-26' , 344 , 255) ; 
INSERT INTO  Avis  VALUE  (45 , 'nul' , 5 , '2004-8-18' , 345 , 254) ; 
INSERT INTO  Avis  VALUE  (46 , 'parfait' , 6 , '2008-12-19' , 346 , 253) ; 
INSERT INTO  Avis  VALUE  (47 , 'parfait' , 4 , '2032-12-4' , 347 , 252) ; 
INSERT INTO  Avis  VALUE  (48 , 'parfait' , 6 , '2014-3-14' , 348 , 251) ; 
INSERT INTO  Avis  VALUE  (49 , 'nul' , 7 , '2001-2-7' , 349 , 250) ; 
INSERT INTO  Avis  VALUE  (50 , 'parfait' , 3 , '2026-6-22' , 350 , 249) ; 
INSERT INTO  Avis  VALUE  (51 , 'nul' , 7 , '2036-12-23' , 351 , 248) ; 
INSERT INTO  Avis  VALUE  (52 , 'nul' , 2 , '2046-4-21' , 352 , 247) ; 
INSERT INTO  Avis  VALUE  (53 , 'parfait' , 4 , '2008-2-15' , 353 , 246) ; 
INSERT INTO  Avis  VALUE  (54 , 'parfait' , 6 , '2016-8-23' , 354 , 245) ; 
INSERT INTO  Avis  VALUE  (55 , 'nul' , 2 , '2011-11-25' , 355 , 244) ; 
INSERT INTO  Avis  VALUE  (56 , 'bien' , 2 , '2024-10-5' , 356 , 243) ; 
INSERT INTO  Avis  VALUE  (57 , 'nul' , 3 , '2042-1-28' , 357 , 242) ; 
INSERT INTO  Avis  VALUE  (58 , 'nul' , 3 , '2011-3-7' , 358 , 241) ; 
INSERT INTO  Avis  VALUE  (59 , 'parfait' , 6 , '2039-7-16' , 359 , 240) ; 
INSERT INTO  Avis  VALUE  (60 , 'bien' , 3 , '2024-3-1' , 360 , 239) ; 
INSERT INTO  Avis  VALUE  (61 , 'bien' , 5 , '2031-5-3' , 361 , 238) ; 
INSERT INTO  Avis  VALUE  (62 , 'nul' , 4 , '2028-6-13' , 362 , 237) ; 
INSERT INTO  Avis  VALUE  (63 , 'bien' , 6 , '2023-2-17' , 363 , 236) ; 
INSERT INTO  Avis  VALUE  (64 , 'parfait' , 1 , '2001-5-27' , 364 , 235) ; 
INSERT INTO  Avis  VALUE  (65 , 'nul' , 6 , '2035-10-22' , 365 , 234) ; 
INSERT INTO  Avis  VALUE  (66 , 'parfait' , 7 , '2027-1-30' , 366 , 233) ; 
INSERT INTO  Avis  VALUE  (67 , 'parfait' , 5 , '2012-8-14' , 367 , 232) ; 
INSERT INTO  Avis  VALUE  (68 , 'nul' , 3 , '2000-6-30' , 368 , 231) ; 
INSERT INTO  Avis  VALUE  (69 , 'nul' , 1 , '2000-7-28' , 369 , 230) ; 
INSERT INTO  Avis  VALUE  (70 , 'bien' , 3 , '2035-1-27' , 370 , 229) ; 
INSERT INTO  Avis  VALUE  (71 , 'parfait' , 7 , '2045-5-7' , 371 , 228) ; 
INSERT INTO  Avis  VALUE  (72 , 'parfait' , 7 , '2049-2-5' , 372 , 227) ; 
INSERT INTO  Avis  VALUE  (73 , 'parfait' , 7 , '2012-11-24' , 373 , 226) ; 
INSERT INTO  Avis  VALUE  (74 , 'nul' , 6 , '2041-2-4' , 374 , 225) ; 
INSERT INTO  Avis  VALUE  (75 , 'parfait' , 1 , '2034-9-4' , 375 , 224) ; 
INSERT INTO  Avis  VALUE  (76 , 'bien' , 3 , '2030-7-13' , 376 , 223) ; 
INSERT INTO  Avis  VALUE  (77 , 'bien' , 2 , '2003-12-13' , 377 , 222) ; 
INSERT INTO  Avis  VALUE  (78 , 'bien' , 1 , '2047-2-17' , 378 , 221) ; 
INSERT INTO  Avis  VALUE  (79 , 'bien' , 6 , '2028-8-9' , 379 , 220) ; 
INSERT INTO  Avis  VALUE  (80 , 'bien' , 5 , '2043-4-9' , 380 , 219) ; 
INSERT INTO  Avis  VALUE  (81 , 'nul' , 3 , '2033-6-24' , 381 , 218) ; 
INSERT INTO  Avis  VALUE  (82 , 'parfait' , 2 , '2017-4-9' , 382 , 217) ; 
INSERT INTO  Avis  VALUE  (83 , 'bien' , 4 , '2044-10-5' , 383 , 216) ; 
INSERT INTO  Avis  VALUE  (84 , 'nul' , 2 , '2028-9-11' , 384 , 215) ; 
INSERT INTO  Avis  VALUE  (85 , 'bien' , 4 , '2011-4-1' , 385 , 214) ; 
INSERT INTO  Avis  VALUE  (86 , 'nul' , 5 , '2026-5-2' , 386 , 213) ; 
INSERT INTO  Avis  VALUE  (87 , 'bien' , 6 , '2047-2-21' , 387 , 212) ; 
INSERT INTO  Avis  VALUE  (88 , 'nul' , 3 , '2012-2-1' , 388 , 211) ; 
INSERT INTO  Avis  VALUE  (89 , 'nul' , 5 , '2004-2-10' , 389 , 210) ; 
INSERT INTO  Avis  VALUE  (90 , 'nul' , 1 , '2005-9-15' , 390 , 209) ; 
INSERT INTO  Avis  VALUE  (91 , 'bien' , 7 , '2034-4-26' , 391 , 208) ; 
INSERT INTO  Avis  VALUE  (92 , 'bien' , 7 , '2012-11-30' , 392 , 207) ; 
INSERT INTO  Avis  VALUE  (93 , 'bien' , 7 , '2023-5-16' , 393 , 206) ; 
INSERT INTO  Avis  VALUE  (94 , 'bien' , 3 , '2017-11-17' , 394 , 205) ; 
INSERT INTO  Avis  VALUE  (95 , 'bien' , 3 , '2018-6-23' , 395 , 204) ; 
INSERT INTO  Avis  VALUE  (96 , 'nul' , 3 , '2026-11-30' , 396 , 203) ; 
INSERT INTO  Avis  VALUE  (97 , 'bien' , 3 , '2018-12-27' , 397 , 202) ; 
INSERT INTO  Avis  VALUE  (98 , 'bien' , 5 , '2019-7-30' , 398 , 201) ; 
INSERT INTO  Avis  VALUE  (99 , 'bien' , 1 , '2013-3-27' , 399 , 200) ; 
INSERT INTO  Avis  VALUE  (100 , 'parfait' , 7 , '2009-2-12' , 400 , 199) ; 
INSERT INTO  Avis  VALUE  (101 , 'bien' , 2 , '2021-7-23' , 401 , 198) ; 
INSERT INTO  Avis  VALUE  (102 , 'bien' , 1 , '2008-4-14' , 402 , 197) ; 
INSERT INTO  Avis  VALUE  (103 , 'bien' , 4 , '2011-8-19' , 403 , 196) ; 
INSERT INTO  Avis  VALUE  (104 , 'nul' , 1 , '2003-7-7' , 404 , 195) ; 
INSERT INTO  Avis  VALUE  (105 , 'nul' , 1 , '2011-6-29' , 405 , 194) ; 
INSERT INTO  Avis  VALUE  (106 , 'nul' , 6 , '2020-10-15' , 406 , 193) ; 
INSERT INTO  Avis  VALUE  (107 , 'nul' , 2 , '2032-12-7' , 407 , 192) ; 
INSERT INTO  Avis  VALUE  (108 , 'nul' , 3 , '2006-9-5' , 408 , 191) ; 
INSERT INTO  Avis  VALUE  (109 , 'nul' , 6 , '2001-1-9' , 409 , 190) ; 
INSERT INTO  Avis  VALUE  (110 , 'bien' , 6 , '2042-11-27' , 410 , 189) ; 
INSERT INTO  Avis  VALUE  (111 , 'nul' , 2 , '2025-6-7' , 411 , 188) ; 
INSERT INTO  Avis  VALUE  (112 , 'parfait' , 3 , '2049-6-19' , 412 , 187) ; 
INSERT INTO  Avis  VALUE  (113 , 'parfait' , 5 , '2037-9-24' , 413 , 186) ; 
INSERT INTO  Avis  VALUE  (114 , 'nul' , 2 , '2024-1-21' , 414 , 185) ; 
INSERT INTO  Avis  VALUE  (115 , 'nul' , 5 , '2045-6-4' , 415 , 184) ; 
INSERT INTO  Avis  VALUE  (116 , 'parfait' , 2 , '2040-8-11' , 416 , 183) ; 
INSERT INTO  Avis  VALUE  (117 , 'nul' , 3 , '2033-2-13' , 417 , 182) ; 
INSERT INTO  Avis  VALUE  (118 , 'nul' , 7 , '2046-4-17' , 418 , 181) ; 
INSERT INTO  Avis  VALUE  (119 , 'bien' , 1 , '2043-11-5' , 419 , 180) ; 
INSERT INTO  Avis  VALUE  (120 , 'parfait' , 6 , '2004-4-15' , 420 , 179) ; 
INSERT INTO  Avis  VALUE  (121 , 'parfait' , 2 , '2001-8-13' , 421 , 178) ; 
INSERT INTO  Avis  VALUE  (122 , 'nul' , 7 , '2005-7-13' , 422 , 177) ; 
INSERT INTO  Avis  VALUE  (123 , 'bien' , 2 , '2015-4-17' , 423 , 176) ; 
INSERT INTO  Avis  VALUE  (124 , 'bien' , 1 , '2000-5-2' , 424 , 175) ; 
INSERT INTO  Avis  VALUE  (125 , 'parfait' , 1 , '2044-10-18' , 425 , 174) ; 
INSERT INTO  Avis  VALUE  (126 , 'parfait' , 4 , '2024-8-5' , 426 , 173) ; 
INSERT INTO  Avis  VALUE  (127 , 'nul' , 4 , '2046-10-22' , 427 , 172) ; 
INSERT INTO  Avis  VALUE  (128 , 'bien' , 3 , '2034-1-3' , 428 , 171) ; 
INSERT INTO  Avis  VALUE  (129 , 'nul' , 5 , '2022-9-5' , 429 , 170) ; 
INSERT INTO  Avis  VALUE  (130 , 'parfait' , 5 , '2047-1-7' , 430 , 169) ; 
INSERT INTO  Avis  VALUE  (131 , 'parfait' , 3 , '2037-5-22' , 431 , 168) ; 
INSERT INTO  Avis  VALUE  (132 , 'bien' , 6 , '2041-2-5' , 432 , 167) ; 
INSERT INTO  Avis  VALUE  (133 , 'parfait' , 2 , '2046-4-3' , 433 , 166) ; 
INSERT INTO  Avis  VALUE  (134 , 'nul' , 5 , '2005-4-27' , 434 , 165) ; 
INSERT INTO  Avis  VALUE  (135 , 'bien' , 5 , '2034-7-21' , 435 , 164) ; 
INSERT INTO  Avis  VALUE  (136 , 'parfait' , 5 , '2032-7-7' , 436 , 163) ; 
INSERT INTO  Avis  VALUE  (137 , 'nul' , 5 , '2024-9-23' , 437 , 162) ; 
INSERT INTO  Avis  VALUE  (138 , 'parfait' , 6 , '2044-3-19' , 438 , 161) ; 
INSERT INTO  Avis  VALUE  (139 , 'nul' , 3 , '2029-11-16' , 439 , 160) ; 
INSERT INTO  Avis  VALUE  (140 , 'bien' , 7 , '2014-10-29' , 440 , 159) ; 
INSERT INTO  Avis  VALUE  (141 , 'bien' , 5 , '2035-10-3' , 441 , 158) ; 
INSERT INTO  Avis  VALUE  (142 , 'parfait' , 7 , '2014-11-23' , 442 , 157) ; 
INSERT INTO  Avis  VALUE  (143 , 'bien' , 6 , '2014-6-17' , 443 , 156) ; 
INSERT INTO  Avis  VALUE  (144 , 'nul' , 2 , '2022-6-8' , 444 , 155) ; 
INSERT INTO  Avis  VALUE  (145 , 'bien' , 2 , '2022-3-17' , 445 , 154) ; 
INSERT INTO  Avis  VALUE  (146 , 'bien' , 4 , '2021-1-5' , 446 , 153) ; 
INSERT INTO  Avis  VALUE  (147 , 'parfait' , 5 , '2002-1-30' , 447 , 152) ; 
INSERT INTO  Avis  VALUE  (148 , 'bien' , 6 , '2039-3-29' , 448 , 151) ; 
INSERT INTO  Avis  VALUE  (149 , 'nul' , 5 , '2009-6-25' , 449 , 150) ; 
INSERT INTO  Avis  VALUE  (150 , 'bien' , 3 , '2035-10-1' , 450 , 149) ; 
INSERT INTO  Avis  VALUE  (151 , 'bien' , 4 , '2011-5-8' , 451 , 148) ; 
INSERT INTO  Avis  VALUE  (152 , 'nul' , 6 , '2020-6-31' , 452 , 147) ; 
INSERT INTO  Avis  VALUE  (153 , 'bien' , 1 , '2029-5-2' , 453 , 146) ; 
INSERT INTO  Avis  VALUE  (154 , 'bien' , 5 , '2001-9-16' , 454 , 145) ; 
INSERT INTO  Avis  VALUE  (155 , 'parfait' , 4 , '2008-7-26' , 455 , 144) ; 
INSERT INTO  Avis  VALUE  (156 , 'bien' , 6 , '2003-1-28' , 456 , 143) ; 
INSERT INTO  Avis  VALUE  (157 , 'nul' , 2 , '2000-2-4' , 457 , 142) ; 
INSERT INTO  Avis  VALUE  (158 , 'parfait' , 7 , '2009-5-3' , 458 , 141) ; 
INSERT INTO  Avis  VALUE  (159 , 'bien' , 5 , '2012-10-26' , 459 , 140) ; 
INSERT INTO  Avis  VALUE  (160 , 'bien' , 5 , '2020-1-19' , 460 , 139) ; 
INSERT INTO  Avis  VALUE  (161 , 'nul' , 4 , '2002-2-27' , 461 , 138) ; 
INSERT INTO  Avis  VALUE  (162 , 'nul' , 7 , '2018-7-1' , 462 , 137) ; 
INSERT INTO  Avis  VALUE  (163 , 'parfait' , 7 , '2014-9-9' , 463 , 136) ; 
INSERT INTO  Avis  VALUE  (164 , 'bien' , 3 , '2027-2-28' , 464 , 135) ; 
INSERT INTO  Avis  VALUE  (165 , 'bien' , 4 , '2045-1-2' , 465 , 134) ; 
INSERT INTO  Avis  VALUE  (166 , 'bien' , 6 , '2012-10-10' , 466 , 133) ; 
INSERT INTO  Avis  VALUE  (167 , 'parfait' , 4 , '2047-5-5' , 467 , 132) ; 
INSERT INTO  Avis  VALUE  (168 , 'nul' , 7 , '2015-6-12' , 468 , 131) ; 
INSERT INTO  Avis  VALUE  (169 , 'nul' , 4 , '2043-11-9' , 469 , 130) ; 
INSERT INTO  Avis  VALUE  (170 , 'bien' , 2 , '2024-11-23' , 470 , 129) ; 
INSERT INTO  Avis  VALUE  (171 , 'nul' , 3 , '2044-4-4' , 471 , 128) ; 
INSERT INTO  Avis  VALUE  (172 , 'parfait' , 4 , '2014-6-9' , 472 , 127) ; 
INSERT INTO  Avis  VALUE  (173 , 'parfait' , 4 , '2015-6-31' , 473 , 126) ; 
INSERT INTO  Avis  VALUE  (174 , 'nul' , 6 , '2021-10-25' , 474 , 125) ; 
INSERT INTO  Avis  VALUE  (175 , 'parfait' , 5 , '2008-5-4' , 475 , 124) ; 
INSERT INTO  Avis  VALUE  (176 , 'bien' , 7 , '2031-6-5' , 476 , 123) ; 
INSERT INTO  Avis  VALUE  (177 , 'bien' , 3 , '2011-1-14' , 477 , 122) ; 
INSERT INTO  Avis  VALUE  (178 , 'nul' , 6 , '2017-1-17' , 478 , 121) ; 
INSERT INTO  Avis  VALUE  (179 , 'nul' , 2 , '2022-4-31' , 479 , 120) ; 
INSERT INTO  Avis  VALUE  (180 , 'bien' , 3 , '2045-8-3' , 480 , 119) ; 
INSERT INTO  Avis  VALUE  (181 , 'bien' , 2 , '2011-3-15' , 481 , 118) ; 
INSERT INTO  Avis  VALUE  (182 , 'bien' , 7 , '2005-3-11' , 482 , 117) ; 
INSERT INTO  Avis  VALUE  (183 , 'nul' , 5 , '2044-9-2' , 483 , 116) ; 
INSERT INTO  Avis  VALUE  (184 , 'nul' , 2 , '2022-12-29' , 484 , 115) ; 
INSERT INTO  Avis  VALUE  (185 , 'parfait' , 3 , '2005-11-7' , 485 , 114) ; 
INSERT INTO  Avis  VALUE  (186 , 'nul' , 3 , '2011-3-30' , 486 , 113) ; 
INSERT INTO  Avis  VALUE  (187 , 'nul' , 1 , '2011-4-17' , 487 , 112) ; 
INSERT INTO  Avis  VALUE  (188 , 'nul' , 2 , '2014-3-28' , 488 , 111) ; 
INSERT INTO  Avis  VALUE  (189 , 'nul' , 5 , '2005-9-19' , 489 , 110) ; 
INSERT INTO  Avis  VALUE  (190 , 'nul' , 1 , '2019-7-3' , 490 , 109) ; 
INSERT INTO  Avis  VALUE  (191 , 'bien' , 1 , '2026-8-6' , 491 , 108) ; 
INSERT INTO  Avis  VALUE  (192 , 'bien' , 2 , '2047-7-20' , 492 , 107) ; 
INSERT INTO  Avis  VALUE  (193 , 'bien' , 6 , '2029-9-12' , 493 , 106) ; 
INSERT INTO  Avis  VALUE  (194 , 'nul' , 1 , '2046-4-10' , 494 , 105) ; 
INSERT INTO  Avis  VALUE  (195 , 'nul' , 6 , '2026-5-12' , 495 , 104) ; 
INSERT INTO  Avis  VALUE  (196 , 'parfait' , 4 , '2041-6-16' , 496 , 103) ; 
INSERT INTO  Avis  VALUE  (197 , 'parfait' , 2 , '2023-5-6' , 497 , 102) ; 
INSERT INTO  Avis  VALUE  (198 , 'parfait' , 1 , '2046-11-16' , 498 , 101) ; 
INSERT INTO  Avis  VALUE  (199 , 'nul' , 4 , '2030-7-16' , 499 , 100) ; 


INSERT INTO  Note  VALUE  ( 25 , 75 ) ; 
INSERT INTO  Note  VALUE  ( 26 , 74 ) ; 
INSERT INTO  Note  VALUE  ( 27 , 73 ) ; 
INSERT INTO  Note  VALUE  ( 28 , 72 ) ; 
INSERT INTO  Note  VALUE  ( 29 , 71 ) ; 
INSERT INTO  Note  VALUE  ( 30 , 70 ) ; 
INSERT INTO  Note  VALUE  ( 31 , 69 ) ; 
INSERT INTO  Note  VALUE  ( 32 , 68 ) ; 
INSERT INTO  Note  VALUE  ( 33 , 67 ) ; 
INSERT INTO  Note  VALUE  ( 34 , 66 ) ; 
INSERT INTO  Note  VALUE  ( 35 , 65 ) ; 
INSERT INTO  Note  VALUE  ( 36 , 64 ) ; 
INSERT INTO  Note  VALUE  ( 37 , 63 ) ; 
INSERT INTO  Note  VALUE  ( 38 , 62 ) ; 
INSERT INTO  Note  VALUE  ( 39 , 61 ) ; 
INSERT INTO  Note  VALUE  ( 40 , 60 ) ; 
INSERT INTO  Note  VALUE  ( 41 , 59 ) ; 
INSERT INTO  Note  VALUE  ( 42 , 58 ) ; 
INSERT INTO  Note  VALUE  ( 43 , 57 ) ; 
INSERT INTO  Note  VALUE  ( 44 , 56 ) ; 
INSERT INTO  Note  VALUE  ( 45 , 55 ) ; 
INSERT INTO  Note  VALUE  ( 46 , 54 ) ; 
INSERT INTO  Note  VALUE  ( 47 , 53 ) ; 
INSERT INTO  Note  VALUE  ( 48 , 52 ) ; 
INSERT INTO  Note  VALUE  ( 49 , 51 ) ; 
INSERT INTO  Note  VALUE  ( 50 , 50 ) ; 
INSERT INTO  Note  VALUE  ( 51 , 49 ) ; 
INSERT INTO  Note  VALUE  ( 52 , 48 ) ; 
INSERT INTO  Note  VALUE  ( 53 , 47 ) ; 
INSERT INTO  Note  VALUE  ( 54 , 46 ) ; 
INSERT INTO  Note  VALUE  ( 55 , 45 ) ; 
INSERT INTO  Note  VALUE  ( 56 , 44 ) ; 
INSERT INTO  Note  VALUE  ( 57 , 43 ) ; 
INSERT INTO  Note  VALUE  ( 58 , 42 ) ; 
INSERT INTO  Note  VALUE  ( 59 , 41 ) ; 
INSERT INTO  Note  VALUE  ( 60 , 40 ) ; 
INSERT INTO  Note  VALUE  ( 61 , 39 ) ; 
INSERT INTO  Note  VALUE  ( 62 , 38 ) ; 
INSERT INTO  Note  VALUE  ( 63 , 37 ) ; 
INSERT INTO  Note  VALUE  ( 64 , 36 ) ; 
INSERT INTO  Note  VALUE  ( 65 , 35 ) ; 
INSERT INTO  Note  VALUE  ( 66 , 34 ) ; 
INSERT INTO  Note  VALUE  ( 67 , 33 ) ; 
INSERT INTO  Note  VALUE  ( 68 , 32 ) ; 
INSERT INTO  Note  VALUE  ( 69 , 31 ) ; 
INSERT INTO  Note  VALUE  ( 70 , 30 ) ; 
INSERT INTO  Note  VALUE  ( 71 , 29 ) ; 
INSERT INTO  Note  VALUE  ( 72 , 28 ) ; 
INSERT INTO  Note  VALUE  ( 73 , 27 ) ; 
INSERT INTO  Note  VALUE  ( 74 , 26 ) ; 


INSERT INTO  Commentaire  VALUE  ( 0 , 0 , 'bien' , 'pas d accord' ) ; 
INSERT INTO  Commentaire  VALUE  ( 1 , 1 , 'bien' , 'd accord' ) ; 
INSERT INTO  Commentaire  VALUE  ( 2 , 2 , 'nul' , 'd accord' ) ; 
INSERT INTO  Commentaire  VALUE  ( 3 , 3 , 'bien' , 'pas d accord' ) ; 
INSERT INTO  Commentaire  VALUE  ( 4 , 4 , 'parfait' , 'pas d accord' ) ; 
INSERT INTO  Commentaire  VALUE  ( 5 , 5 , 'bien' , 'd accord' ) ; 
INSERT INTO  Commentaire  VALUE  ( 6 , 6 , 'bien' , 'pas d accord' ) ; 
INSERT INTO  Commentaire  VALUE  ( 7 , 7 , 'nul' , 'pas d accord' ) ; 
INSERT INTO  Commentaire  VALUE  ( 8 , 8 , 'bien' , 'pas d accord' ) ; 
INSERT INTO  Commentaire  VALUE  ( 9 , 9 , 'bien' , 'pas d accord' ) ; 
INSERT INTO  Commentaire  VALUE  ( 10 , 10 , 'nul' , 'd accord' ) ; 
INSERT INTO  Commentaire  VALUE  ( 11 , 11 , 'parfait' , 'pas d accord' ) ; 
INSERT INTO  Commentaire  VALUE  ( 12 , 12 , 'nul' , 'd accord' ) ; 
INSERT INTO  Commentaire  VALUE  ( 13 , 13 , 'parfait' , 'pas d accord' ) ; 
INSERT INTO  Commentaire  VALUE  ( 14 , 14 , 'nul' , 'd accord' ) ; 
INSERT INTO  Commentaire  VALUE  ( 15 , 15 , 'bien' , 'd accord' ) ; 
INSERT INTO  Commentaire  VALUE  ( 16 , 16 , 'bien' , 'pas d accord' ) ; 
INSERT INTO  Commentaire  VALUE  ( 17 , 17 , 'parfait' , 'pas d accord' ) ; 
INSERT INTO  Commentaire  VALUE  ( 18 , 18 , 'parfait' , 'd accord' ) ; 
INSERT INTO  Commentaire  VALUE  ( 19 , 19 , 'bien' , 'pas d accord' ) ; 
INSERT INTO  Commentaire  VALUE  ( 20 , 20 , 'bien' , 'd accord' ) ; 
INSERT INTO  Commentaire  VALUE  ( 21 , 21 , 'nul' , 'pas d accord' ) ; 
INSERT INTO  Commentaire  VALUE  ( 22 , 22 , 'bien' , 'pas d accord' ) ; 
INSERT INTO  Commentaire  VALUE  ( 23 , 23 , 'bien' , 'pas d accord' ) ; 
INSERT INTO  Commentaire  VALUE  ( 24 , 24 , 'bien' , 'pas d accord' ) ; 
INSERT INTO  Commentaire  VALUE  ( 25 , 25 , 'bien' , 'd accord' ) ; 
INSERT INTO  Commentaire  VALUE  ( 26 , 26 , 'nul' , 'd accord' ) ; 
INSERT INTO  Commentaire  VALUE  ( 27 , 27 , 'parfait' , 'd accord' ) ; 
INSERT INTO  Commentaire  VALUE  ( 28 , 28 , 'nul' , 'd accord' ) ; 
INSERT INTO  Commentaire  VALUE  ( 29 , 29 , 'parfait' , 'pas d accord' ) ; 
INSERT INTO  Commentaire  VALUE  ( 30 , 30 , 'bien' , 'pas d accord' ) ; 
INSERT INTO  Commentaire  VALUE  ( 31 , 31 , 'parfait' , 'd accord' ) ; 
INSERT INTO  Commentaire  VALUE  ( 32 , 32 , 'parfait' , 'd accord' ) ; 
INSERT INTO  Commentaire  VALUE  ( 33 , 33 , 'parfait' , 'pas d accord' ) ; 
INSERT INTO  Commentaire  VALUE  ( 34 , 34 , 'bien' , 'd accord' ) ; 
INSERT INTO  Commentaire  VALUE  ( 35 , 35 , 'nul' , 'pas d accord' ) ; 
INSERT INTO  Commentaire  VALUE  ( 36 , 36 , 'nul' , 'pas d accord' ) ; 
INSERT INTO  Commentaire  VALUE  ( 37 , 37 , 'parfait' , 'pas d accord' ) ; 
INSERT INTO  Commentaire  VALUE  ( 38 , 38 , 'nul' , 'pas d accord' ) ; 
INSERT INTO  Commentaire  VALUE  ( 39 , 39 , 'parfait' , 'd accord' ) ; 
INSERT INTO  Commentaire  VALUE  ( 40 , 40 , 'parfait' , 'd accord' ) ; 
INSERT INTO  Commentaire  VALUE  ( 41 , 41 , 'bien' , 'pas d accord' ) ; 
INSERT INTO  Commentaire  VALUE  ( 42 , 42 , 'parfait' , 'pas d accord' ) ; 
INSERT INTO  Commentaire  VALUE  ( 43 , 43 , 'bien' , 'd accord' ) ; 
INSERT INTO  Commentaire  VALUE  ( 44 , 44 , 'bien' , 'pas d accord' ) ; 
INSERT INTO  Commentaire  VALUE  ( 45 , 45 , 'parfait' , 'd accord' ) ; 
INSERT INTO  Commentaire  VALUE  ( 46 , 46 , 'bien' , 'pas d accord' ) ; 
INSERT INTO  Commentaire  VALUE  ( 47 , 47 , 'nul' , 'pas d accord' ) ; 
INSERT INTO  Commentaire  VALUE  ( 48 , 48 , 'nul' , 'd accord' ) ; 
INSERT INTO  Commentaire  VALUE  ( 49 , 49 , 'parfait' , 'd accord' ) ; 


INSERT INTO  Signalement  VALUE  ( 0 , 'insultes' , 170 , 15 ) ; 
INSERT INTO  Signalement  VALUE  ( 1 , 'inapproprie' , 171 , 16 ) ; 
INSERT INTO  Signalement  VALUE  ( 2 , 'insultes' , 172 , 17 ) ; 
INSERT INTO  Signalement  VALUE  ( 3 , 'inapproprie' , 173 , 18 ) ; 
INSERT INTO  Signalement  VALUE  ( 4 , 'insultes' , 174 , 19 ) ; 
INSERT INTO  Signalement  VALUE  ( 5 , 'insultes' , 175 , 20 ) ; 
INSERT INTO  Signalement  VALUE  ( 6 , 'insultes' , 176 , 21 ) ; 
INSERT INTO  Signalement  VALUE  ( 7 , 'insultes' , 177 , 22 ) ; 
INSERT INTO  Signalement  VALUE  ( 8 , 'insultes' , 178 , 23 ) ; 
INSERT INTO  Signalement  VALUE  ( 9 , 'inapproprie' , 179 , 24 ) ; 
INSERT INTO  Signalement  VALUE  ( 10 , 'insultes' , 180 , 25 ) ; 
INSERT INTO  Signalement  VALUE  ( 11 , 'insultes' , 181 , 26 ) ; 
INSERT INTO  Signalement  VALUE  ( 12 , 'inapproprie' , 182 , 27 ) ; 
INSERT INTO  Signalement  VALUE  ( 13 , 'inapproprie' , 183 , 28 ) ; 
INSERT INTO  Signalement  VALUE  ( 14 , 'insultes' , 184 , 29 ) ; 
INSERT INTO  Signalement  VALUE  ( 15 , 'insultes' , 185 , 30 ) ; 
INSERT INTO  Signalement  VALUE  ( 16 , 'insultes' , 186 , 31 ) ; 
INSERT INTO  Signalement  VALUE  ( 17 , 'inapproprie' , 187 , 32 ) ; 
INSERT INTO  Signalement  VALUE  ( 18 , 'insultes' , 188 , 33 ) ; 
INSERT INTO  Signalement  VALUE  ( 19 , 'inapproprie' , 189 , 34 ) ; 
INSERT INTO  Signalement  VALUE  ( 20 , 'inapproprie' , 190 , 35 ) ; 
INSERT INTO  Signalement  VALUE  ( 21 , 'insultes' , 191 , 36 ) ; 
INSERT INTO  Signalement  VALUE  ( 22 , 'inapproprie' , 192 , 37 ) ; 
INSERT INTO  Signalement  VALUE  ( 23 , 'inapproprie' , 193 , 38 ) ; 
INSERT INTO  Signalement  VALUE  ( 24 , 'insultes' , 194 , 39 ) ; 
INSERT INTO  Signalement  VALUE  ( 25 , 'insultes' , 195 , 40 ) ; 
INSERT INTO  Signalement  VALUE  ( 26 , 'insultes' , 196 , 41 ) ; 
INSERT INTO  Signalement  VALUE  ( 27 , 'insultes' , 197 , 42 ) ; 
INSERT INTO  Signalement  VALUE  ( 28 , 'insultes' , 198 , 43 ) ; 
INSERT INTO  Signalement  VALUE  ( 29 , 'insultes' , 199 , 44 ) ; 


INSERT INTO  Reponse  VALUE  ( 0 , 'd accord' , 170 , 15 ) ; 
INSERT INTO  Reponse  VALUE  ( 1 , 'd accord' , 171 , 16 ) ; 
INSERT INTO  Reponse  VALUE  ( 2 , 'pas d accord' , 172 , 17 ) ; 
INSERT INTO  Reponse  VALUE  ( 3 , 'pas d accord' , 173 , 18 ) ; 
INSERT INTO  Reponse  VALUE  ( 4 , 'pas d accord' , 174 , 19 ) ; 
INSERT INTO  Reponse  VALUE  ( 5 , 'd accord' , 175 , 20 ) ; 
INSERT INTO  Reponse  VALUE  ( 6 , 'pas d accord' , 176 , 21 ) ; 
INSERT INTO  Reponse  VALUE  ( 7 , 'pas d accord' , 177 , 22 ) ; 
INSERT INTO  Reponse  VALUE  ( 8 , 'pas d accord' , 178 , 23 ) ; 
INSERT INTO  Reponse  VALUE  ( 9 , 'd accord' , 179 , 24 ) ; 
INSERT INTO  Reponse  VALUE  ( 10 , 'pas d accord' , 180 , 25 ) ; 
INSERT INTO  Reponse  VALUE  ( 11 , 'd accord' , 181 , 26 ) ; 
INSERT INTO  Reponse  VALUE  ( 12 , 'd accord' , 182 , 27 ) ; 
INSERT INTO  Reponse  VALUE  ( 13 , 'pas d accord' , 183 , 28 ) ; 
INSERT INTO  Reponse  VALUE  ( 14 , 'd accord' , 184 , 29 ) ; 
INSERT INTO  Reponse  VALUE  ( 15 , 'd accord' , 185 , 30 ) ; 
INSERT INTO  Reponse  VALUE  ( 16 , 'pas d accord' , 186 , 31 ) ; 
INSERT INTO  Reponse  VALUE  ( 17 , 'd accord' , 187 , 32 ) ; 
INSERT INTO  Reponse  VALUE  ( 18 , 'pas d accord' , 188 , 33 ) ; 
INSERT INTO  Reponse  VALUE  ( 19 , 'pas d accord' , 189 , 34 ) ; 
INSERT INTO  Reponse  VALUE  ( 20 , 'd accord' , 190 , 35 ) ; 
INSERT INTO  Reponse  VALUE  ( 21 , 'pas d accord' , 191 , 36 ) ; 
INSERT INTO  Reponse  VALUE  ( 22 , 'pas d accord' , 192 , 37 ) ; 
INSERT INTO  Reponse  VALUE  ( 23 , 'pas d accord' , 193 , 38 ) ; 
INSERT INTO  Reponse  VALUE  ( 24 , 'pas d accord' , 194 , 39 ) ; 
INSERT INTO  Reponse  VALUE  ( 25 , 'pas d accord' , 195 , 40 ) ; 
INSERT INTO  Reponse  VALUE  ( 26 , 'pas d accord' , 196 , 41 ) ; 
INSERT INTO  Reponse  VALUE  ( 27 , 'd accord' , 197 , 42 ) ; 
INSERT INTO  Reponse  VALUE  ( 28 , 'pas d accord' , 198 , 43 ) ; 
INSERT INTO  Reponse  VALUE  ( 29 , 'pas d accord' , 199 , 44 ) ; 


INSERT INTO  ProvenanceInfos  VALUE  ( 0 , 250 ) ; 
INSERT INTO  ProvenanceInfos  VALUE  ( 1 , 251 ) ; 
INSERT INTO  ProvenanceInfos  VALUE  ( 2 , 252 ) ; 
INSERT INTO  ProvenanceInfos  VALUE  ( 3 , 253 ) ; 
INSERT INTO  ProvenanceInfos  VALUE  ( 4 , 254 ) ; 
INSERT INTO  ProvenanceInfos  VALUE  ( 5 , 255 ) ; 
INSERT INTO  ProvenanceInfos  VALUE  ( 6 , 256 ) ; 
INSERT INTO  ProvenanceInfos  VALUE  ( 7 , 257 ) ; 
INSERT INTO  ProvenanceInfos  VALUE  ( 8 , 258 ) ; 
INSERT INTO  ProvenanceInfos  VALUE  ( 9 , 259 ) ; 
INSERT INTO  ProvenanceInfos  VALUE  ( 10 , 260 ) ; 
INSERT INTO  ProvenanceInfos  VALUE  ( 11 , 261 ) ; 
INSERT INTO  ProvenanceInfos  VALUE  ( 12 , 262 ) ; 
INSERT INTO  ProvenanceInfos  VALUE  ( 13 , 263 ) ; 
INSERT INTO  ProvenanceInfos  VALUE  ( 14 , 264 ) ; 
INSERT INTO  ProvenanceInfos  VALUE  ( 15 , 265 ) ; 
INSERT INTO  ProvenanceInfos  VALUE  ( 16 , 266 ) ; 
INSERT INTO  ProvenanceInfos  VALUE  ( 17 , 267 ) ; 
INSERT INTO  ProvenanceInfos  VALUE  ( 18 , 268 ) ; 
INSERT INTO  ProvenanceInfos  VALUE  ( 19 , 269 ) ; 
INSERT INTO  ProvenanceInfos  VALUE  ( 20 , 270 ) ; 
INSERT INTO  ProvenanceInfos  VALUE  ( 21 , 271 ) ; 
INSERT INTO  ProvenanceInfos  VALUE  ( 22 , 272 ) ; 
INSERT INTO  ProvenanceInfos  VALUE  ( 23 , 273 ) ; 
INSERT INTO  ProvenanceInfos  VALUE  ( 24 , 274 ) ; 
INSERT INTO  ProvenanceInfos  VALUE  ( 25 , 275 ) ; 
INSERT INTO  ProvenanceInfos  VALUE  ( 26 , 276 ) ; 
INSERT INTO  ProvenanceInfos  VALUE  ( 27 , 277 ) ; 
INSERT INTO  ProvenanceInfos  VALUE  ( 28 , 278 ) ; 
INSERT INTO  ProvenanceInfos  VALUE  ( 29 , 279 ) ; 
INSERT INTO  ProvenanceInfos  VALUE  ( 30 , 280 ) ; 
INSERT INTO  ProvenanceInfos  VALUE  ( 31 , 281 ) ; 
INSERT INTO  ProvenanceInfos  VALUE  ( 32 , 282 ) ; 
INSERT INTO  ProvenanceInfos  VALUE  ( 33 , 283 ) ; 
INSERT INTO  ProvenanceInfos  VALUE  ( 34 , 284 ) ; 
INSERT INTO  ProvenanceInfos  VALUE  ( 35 , 285 ) ; 
INSERT INTO  ProvenanceInfos  VALUE  ( 36 , 286 ) ; 
INSERT INTO  ProvenanceInfos  VALUE  ( 37 , 287 ) ; 
INSERT INTO  ProvenanceInfos  VALUE  ( 38 , 288 ) ; 
INSERT INTO  ProvenanceInfos  VALUE  ( 39 , 289 ) ; 
INSERT INTO  ProvenanceInfos  VALUE  ( 40 , 290 ) ; 
INSERT INTO  ProvenanceInfos  VALUE  ( 41 , 291 ) ; 
INSERT INTO  ProvenanceInfos  VALUE  ( 42 , 292 ) ; 
INSERT INTO  ProvenanceInfos  VALUE  ( 43 , 293 ) ; 
INSERT INTO  ProvenanceInfos  VALUE  ( 44 , 294 ) ; 
INSERT INTO  ProvenanceInfos  VALUE  ( 45 , 295 ) ; 
INSERT INTO  ProvenanceInfos  VALUE  ( 46 , 296 ) ; 
INSERT INTO  ProvenanceInfos  VALUE  ( 47 , 297 ) ; 
INSERT INTO  ProvenanceInfos  VALUE  ( 48 , 298 ) ; 
INSERT INTO  ProvenanceInfos  VALUE  ( 49 , 299 ) ; 
INSERT INTO  ProvenanceInfos  VALUE  ( 50 , 300 ) ; 
INSERT INTO  ProvenanceInfos  VALUE  ( 51 , 301 ) ; 
INSERT INTO  ProvenanceInfos  VALUE  ( 52 , 302 ) ; 
INSERT INTO  ProvenanceInfos  VALUE  ( 53 , 303 ) ; 
INSERT INTO  ProvenanceInfos  VALUE  ( 54 , 304 ) ; 
INSERT INTO  ProvenanceInfos  VALUE  ( 55 , 305 ) ; 
INSERT INTO  ProvenanceInfos  VALUE  ( 56 , 306 ) ; 
INSERT INTO  ProvenanceInfos  VALUE  ( 57 , 307 ) ; 
INSERT INTO  ProvenanceInfos  VALUE  ( 58 , 308 ) ; 
INSERT INTO  ProvenanceInfos  VALUE  ( 59 , 309 ) ; 
INSERT INTO  ProvenanceInfos  VALUE  ( 60 , 310 ) ; 
INSERT INTO  ProvenanceInfos  VALUE  ( 61 , 311 ) ; 
INSERT INTO  ProvenanceInfos  VALUE  ( 62 , 312 ) ; 
INSERT INTO  ProvenanceInfos  VALUE  ( 63 , 313 ) ; 
INSERT INTO  ProvenanceInfos  VALUE  ( 64 , 314 ) ; 
INSERT INTO  ProvenanceInfos  VALUE  ( 65 , 315 ) ; 
INSERT INTO  ProvenanceInfos  VALUE  ( 66 , 316 ) ; 
INSERT INTO  ProvenanceInfos  VALUE  ( 67 , 317 ) ; 
INSERT INTO  ProvenanceInfos  VALUE  ( 68 , 318 ) ; 
INSERT INTO  ProvenanceInfos  VALUE  ( 69 , 319 ) ; 
INSERT INTO  ProvenanceInfos  VALUE  ( 70 , 320 ) ; 
INSERT INTO  ProvenanceInfos  VALUE  ( 71 , 321 ) ; 
INSERT INTO  ProvenanceInfos  VALUE  ( 72 , 322 ) ; 
INSERT INTO  ProvenanceInfos  VALUE  ( 73 , 323 ) ; 
INSERT INTO  ProvenanceInfos  VALUE  ( 74 , 324 ) ; 
INSERT INTO  ProvenanceInfos  VALUE  ( 75 , 325 ) ; 
INSERT INTO  ProvenanceInfos  VALUE  ( 76 , 326 ) ; 
INSERT INTO  ProvenanceInfos  VALUE  ( 77 , 327 ) ; 
INSERT INTO  ProvenanceInfos  VALUE  ( 78 , 328 ) ; 
INSERT INTO  ProvenanceInfos  VALUE  ( 79 , 329 ) ; 
INSERT INTO  ProvenanceInfos  VALUE  ( 80 , 330 ) ; 
INSERT INTO  ProvenanceInfos  VALUE  ( 81 , 331 ) ; 
INSERT INTO  ProvenanceInfos  VALUE  ( 82 , 332 ) ; 
INSERT INTO  ProvenanceInfos  VALUE  ( 83 , 333 ) ; 
INSERT INTO  ProvenanceInfos  VALUE  ( 84 , 334 ) ; 
INSERT INTO  ProvenanceInfos  VALUE  ( 85 , 335 ) ; 
INSERT INTO  ProvenanceInfos  VALUE  ( 86 , 336 ) ; 
INSERT INTO  ProvenanceInfos  VALUE  ( 87 , 337 ) ; 
INSERT INTO  ProvenanceInfos  VALUE  ( 88 , 338 ) ; 
INSERT INTO  ProvenanceInfos  VALUE  ( 89 , 339 ) ; 
INSERT INTO  ProvenanceInfos  VALUE  ( 90 , 340 ) ; 
INSERT INTO  ProvenanceInfos  VALUE  ( 91 , 341 ) ; 
INSERT INTO  ProvenanceInfos  VALUE  ( 92 , 342 ) ; 
INSERT INTO  ProvenanceInfos  VALUE  ( 93 , 343 ) ; 
INSERT INTO  ProvenanceInfos  VALUE  ( 94 , 344 ) ; 
INSERT INTO  ProvenanceInfos  VALUE  ( 95 , 345 ) ; 
INSERT INTO  ProvenanceInfos  VALUE  ( 96 , 346 ) ; 
INSERT INTO  ProvenanceInfos  VALUE  ( 97 , 347 ) ; 
INSERT INTO  ProvenanceInfos  VALUE  ( 98 , 348 ) ; 
INSERT INTO  ProvenanceInfos  VALUE  ( 99 , 349 ) ; 
INSERT INTO  PeutFaire  VALUE  ( 350 , 127 ) ; 
INSERT INTO  PeutFaire  VALUE  ( 351 , 128 ) ; 
INSERT INTO  PeutFaire  VALUE  ( 352 , 129 ) ; 
INSERT INTO  PeutFaire  VALUE  ( 353 , 130 ) ; 
INSERT INTO  PeutFaire  VALUE  ( 354 , 131 ) ; 
INSERT INTO  PeutFaire  VALUE  ( 355 , 132 ) ; 
INSERT INTO  PeutFaire  VALUE  ( 356 , 133 ) ; 
INSERT INTO  PeutFaire  VALUE  ( 357 , 134 ) ; 
INSERT INTO  PeutFaire  VALUE  ( 358 , 135 ) ; 
INSERT INTO  PeutFaire  VALUE  ( 359 , 136 ) ; 
INSERT INTO  PeutFaire  VALUE  ( 360 , 137 ) ; 
INSERT INTO  PeutFaire  VALUE  ( 361 , 138 ) ; 
INSERT INTO  PeutFaire  VALUE  ( 362 , 139 ) ; 
INSERT INTO  PeutFaire  VALUE  ( 363 , 140 ) ; 
INSERT INTO  PeutFaire  VALUE  ( 364 , 141 ) ; 
INSERT INTO  PeutFaire  VALUE  ( 365 , 142 ) ; 
INSERT INTO  PeutFaire  VALUE  ( 366 , 143 ) ; 
INSERT INTO  PeutFaire  VALUE  ( 367 , 144 ) ; 
INSERT INTO  PeutFaire  VALUE  ( 368 , 145 ) ; 
INSERT INTO  PeutFaire  VALUE  ( 369 , 146 ) ; 
INSERT INTO  PeutFaire  VALUE  ( 370 , 147 ) ; 
INSERT INTO  PeutFaire  VALUE  ( 371 , 148 ) ; 
INSERT INTO  PeutFaire  VALUE  ( 372 , 149 ) ; 
INSERT INTO  PeutFaire  VALUE  ( 373 , 150 ) ; 
INSERT INTO  PeutFaire  VALUE  ( 374 , 151 ) ; 
INSERT INTO  PeutFaire  VALUE  ( 375 , 152 ) ; 
INSERT INTO  PeutFaire  VALUE  ( 376 , 153 ) ; 
INSERT INTO  PeutFaire  VALUE  ( 377 , 154 ) ; 
INSERT INTO  PeutFaire  VALUE  ( 378 , 155 ) ; 
INSERT INTO  PeutFaire  VALUE  ( 379 , 156 ) ; 
INSERT INTO  PeutFaire  VALUE  ( 380 , 157 ) ; 
INSERT INTO  PeutFaire  VALUE  ( 381 , 158 ) ; 
INSERT INTO  PeutFaire  VALUE  ( 382 , 159 ) ; 
INSERT INTO  PeutFaire  VALUE  ( 383 , 160 ) ; 
INSERT INTO  PeutFaire  VALUE  ( 384 , 161 ) ; 
INSERT INTO  PeutFaire  VALUE  ( 385 , 162 ) ; 
INSERT INTO  PeutFaire  VALUE  ( 386 , 163 ) ; 
INSERT INTO  PeutFaire  VALUE  ( 387 , 164 ) ; 
INSERT INTO  PeutFaire  VALUE  ( 388 , 165 ) ; 
INSERT INTO  PeutFaire  VALUE  ( 389 , 166 ) ; 
INSERT INTO  PeutFaire  VALUE  ( 390 , 167 ) ; 
INSERT INTO  PeutFaire  VALUE  ( 391 , 168 ) ; 
INSERT INTO  PeutFaire  VALUE  ( 392 , 169 ) ; 
INSERT INTO  PeutFaire  VALUE  ( 393 , 170 ) ; 
INSERT INTO  PeutFaire  VALUE  ( 394 , 171 ) ; 
INSERT INTO  PeutFaire  VALUE  ( 395 , 172 ) ; 
INSERT INTO  PeutFaire  VALUE  ( 396 , 173 ) ; 
INSERT INTO  PeutFaire  VALUE  ( 397 , 174 ) ; 
INSERT INTO  PeutFaire  VALUE  ( 398 , 175 ) ; 
INSERT INTO  PeutFaire  VALUE  ( 399 , 176 ) ; 
INSERT INTO  PeutFaire  VALUE  ( 400 , 177 ) ; 
INSERT INTO  PeutFaire  VALUE  ( 401 , 178 ) ; 
INSERT INTO  PeutFaire  VALUE  ( 402 , 179 ) ; 
INSERT INTO  PeutFaire  VALUE  ( 403 , 180 ) ; 
INSERT INTO  PeutFaire  VALUE  ( 404 , 181 ) ; 
INSERT INTO  PeutFaire  VALUE  ( 405 , 182 ) ; 
INSERT INTO  PeutFaire  VALUE  ( 406 , 183 ) ; 
INSERT INTO  PeutFaire  VALUE  ( 407 , 184 ) ; 
INSERT INTO  PeutFaire  VALUE  ( 408 , 185 ) ; 
INSERT INTO  PeutFaire  VALUE  ( 409 , 186 ) ; 
INSERT INTO  PeutFaire  VALUE  ( 410 , 187 ) ; 
INSERT INTO  PeutFaire  VALUE  ( 411 , 188 ) ; 
INSERT INTO  PeutFaire  VALUE  ( 412 , 189 ) ; 
INSERT INTO  PeutFaire  VALUE  ( 413 , 190 ) ; 
INSERT INTO  PeutFaire  VALUE  ( 414 , 191 ) ; 
INSERT INTO  PeutFaire  VALUE  ( 415 , 192 ) ; 
INSERT INTO  PeutFaire  VALUE  ( 416 , 193 ) ; 
INSERT INTO  PeutFaire  VALUE  ( 417 , 194 ) ; 
INSERT INTO  PeutFaire  VALUE  ( 418 , 195 ) ; 
INSERT INTO  PeutFaire  VALUE  ( 419 , 196 ) ; 
INSERT INTO  PeutFaire  VALUE  ( 420 , 197 ) ; 
INSERT INTO  PeutFaire  VALUE  ( 421 , 198 ) ; 
INSERT INTO  PeutFaire  VALUE  ( 422 , 199 ) ; 
INSERT INTO  PeutFaire  VALUE  ( 423 , 200 ) ; 
INSERT INTO  PeutFaire  VALUE  ( 424 , 201 ) ; 
INSERT INTO  PeutFaire  VALUE  ( 425 , 202 ) ; 
INSERT INTO  PeutFaire  VALUE  ( 426 , 203 ) ; 
INSERT INTO  PeutFaire  VALUE  ( 427 , 204 ) ; 
INSERT INTO  PeutFaire  VALUE  ( 428 , 205 ) ; 
INSERT INTO  PeutFaire  VALUE  ( 429 , 206 ) ; 
INSERT INTO  PeutFaire  VALUE  ( 430 , 207 ) ; 
INSERT INTO  PeutFaire  VALUE  ( 431 , 208 ) ; 
INSERT INTO  PeutFaire  VALUE  ( 432 , 209 ) ; 
INSERT INTO  PeutFaire  VALUE  ( 433 , 210 ) ; 
INSERT INTO  PeutFaire  VALUE  ( 434 , 211 ) ; 
INSERT INTO  PeutFaire  VALUE  ( 435 , 212 ) ; 
INSERT INTO  PeutFaire  VALUE  ( 436 , 213 ) ; 
INSERT INTO  PeutFaire  VALUE  ( 437 , 214 ) ; 
INSERT INTO  PeutFaire  VALUE  ( 438 , 215 ) ; 
INSERT INTO  PeutFaire  VALUE  ( 439 , 216 ) ; 
INSERT INTO  PeutFaire  VALUE  ( 440 , 217 ) ; 
INSERT INTO  PeutFaire  VALUE  ( 441 , 218 ) ; 
INSERT INTO  PeutFaire  VALUE  ( 442 , 219 ) ; 
INSERT INTO  PeutFaire  VALUE  ( 443 , 220 ) ; 
INSERT INTO  PeutFaire  VALUE  ( 444 , 221 ) ; 
INSERT INTO  PeutFaire  VALUE  ( 445 , 222 ) ; 
INSERT INTO  PeutFaire  VALUE  ( 446 , 223 ) ; 
INSERT INTO  PeutFaire  VALUE  ( 447 , 224 ) ; 
INSERT INTO  PeutFaire  VALUE  ( 448 , 225 ) ; 
INSERT INTO  PeutFaire  VALUE  ( 449 , 226 ) ; 
